id,joke
0,最好保持沉默并被认为是傻瓜，而不是说出并消除所有疑问。
1,爱教会我撒谎，生活教会我死亡。
2,如果男人来自火星，为什么我们不能把他们送回去呢？
3,女人真是善变，昨天刚发朋友圈说男人都不是好东西，今天就说我是个好人。
4,"眼睛蛇高度近视，和大象初次约会。 客套一番后，眼睛蛇对着大象的鼻子说：""来就来吧，还牵这么大头猪来，你太客气了~~~~！！！"""
5,他们称我们的语言为母语，因为父亲很少说话。
6,甲：昨天晚上，你跟那女孩的第一次约会怎么样？ 乙：可以说成功了一半！ 甲：什么意思？ 乙：我亲吻了她两个脸颊，而她只抽了我一个耳光！
7,瞄准星星。但首先，瞄准他们的保镖。
8,一日叫一客户签名时，他一脸茫然，我便指着凭条上流水号下面打印的名字说，照着这三个字签就行。 他拿过去摸索了半天，递过来一看，上写三个字：“流水号”。
9,考驾照规定身高不低于1.5米。 老爸对我说：“你要去考驾照，开车就像无人驾驶。” 真心伤到了！
10,体育老师说短跑考试前需做好热身运动所以我带来了一壶开水。
11,波音：飞机撞击地面时发出的声音。
12,甲：哼！骗人！ 乙：怎么了？ 甲：软盘的容量明明只有1.2M或1.44M两种，哪有3M的？
13,一家人坐在电视机前看电视，内容是某国外城市山雨爆发。 爸爸：今年的气候不好，看这洪水多凶猛啊！ 儿子：爸爸，你说的不对，这是白水！
14,我似乎丢失了我的电话号码，我可以借你的吗？
15,为什么荷兰人的国家有两个名字，荷兰和荷兰，而且没有一个包含荷兰语这个词？
16,律师使用什么来控制生育？他们的个性。
17,在玩具车上的保险杠贴纸：我的另一辆车是消防车。
18,一位教社会学的老师打了个幽默的比喻说：西方国家的夫妇老是闹离婚，因为他们的爱神是个小娃儿。瞧瞧中国的月下老人，经验十足，所以中国夫妇的婚姻较为恒久。
19,妻子：孩子他爸，你看咱们宝贝儿子的成绩册，连着是四个2。 丈夫：是主牌呀！难得一下子来了四个，还可以横甩呢！
20,宿舍的饮水机热水出得超级慢，大概800cc得五分钟。 刚才mm去接水，边看网页边盯着饮水机的出水口，说: “实在受不了啦，它是不是前列腺有毛病啊？”
21,车开得飞快，一个老太婆趴在窗外看著我。
22,非常感谢！！致所有朋友，他们的贡献使这个页面成为可能！
23,在人生旅程中，我选择了心理路径。
24,当有人指向天空时，看着手指就是傻瓜。
25,航班风险：用于描述涉嫌计划很快离开公司或部门的员工。
26,语文课上，老师叫同学们用断线的风筝作比喻，小明这样写道：妈妈出差去了，爸爸像只断线的风筝，随处飘荡。
27,玻璃不是半空的，它只是它需要的两倍大。
28,在我这个年纪，行动比言语更响亮。
29,老总中午喝了酒，下午来到会议室开会，问身边的秘书：“人都到齐了么？” 秘书：“到齐了”。 老总大手一挥“上菜”！
30,"孩子：一张电影票多少钱? 售票员：二美元。 孩子：我只有一美元,能让我进去吗?我只用一之眼睛看就好了。"
31,妈妈：“苏丝，你今天在教堂里表现好吗？” 苏丝：“当然。当一个伯伯把一整盘子的钱伸到我的面前时，我说：‘我不要，谢谢您。’
32,你不能拥有一切，你会把它放在哪里？
33,我觉得自己被对角地停在一个平行的宇宙中。
34,蒂姆点击了几个按钮并解决了问题。
35,一位在商场当售货员的MM，第一次谈上了恋爱。她与男友初吻之后，顺口问道：“你还要别的什么吗？”
36,一女对出轨的老公说：你如果敢离婚娶那个年轻的妖精，我就嫁给妖精她爹，从此以后，儿子管你叫姐夫，你得喊我妈！ 老公当场晕倒，从此规规矩矩。
37,最明目张胆的恭维，就是把“悍妇撒泼”说成是“贵妃醉酒”。
38,如果你以光速行驶并且你开着头灯，会发生什么？
39,男人就像迷你裙，如果你不小心他们会爬上你的腿。
40,“如果你老婆和你情人同时掉进水里，请问你是再找一个丰满型的还是娇小型的？” “还找不会游泳的。”
41,我是一个单纯的男人。我想要的只是两个正常男人的足够睡眠，三个足够的威士忌，四个女人。
42,一哥们儿鼓起勇气在QQ上向MM深情表白。一会儿MM回复：“我是她的妈妈，我是来偷菜的。”
43,某男，妻经常红杏出墙，却若是不见。同事送一副对联。 上联：只要日子过的去。下联：哪怕头上有点绿。横批：忍者神龟。
44,静如处女，动如处男。
45,在一所宗教学校里，老师问学生：亚当和夏娃是在哪个季节被赶出伊甸园的？ 一个学生迅速回答：秋季。 为什么呢？ 因为，只有秋季才有熟了的苹果。
46,金庸没死说死了，一堆人辞职；矿工死了说没死，一堆人没事。
47,重要的事情总是很简单; 简单总是很难。
48,女：照片上的那个女人是谁？ 男：是在没有同你认识之前的那个姑娘。 女：好啊！这么说，你那时就对我变心了！
49,如果一切都是整体的一部分，整个部分是什么？
50,“你家还有几口人？” “还有三口，我爹，我妈，我哥哥。我哥哥比我大。”
51,老奶奶疼爱孙子，每天送孙子上学。 今天，他们到学校时迟到了，老师问他：“为什么迟到了？” 他说：“我奶奶走得太慢了。”
52,是对还是错：很多人穿着街头衣服比穿着睡衣睡得更好。
53,朋友们聚会，席间有人发表感慨：唉，现在有些男人说话娘娘腔，活象个太监。 话音刚落，又响起一个细细的声音为何都看着我！！
54,团结就是：一个和尚挑水吃，两个和尚抬水吃，三个和尚斗地主，四个和尚打麻将，五个和尚开心网偷菜 。
55,地理老师：哪位同学知道世界上什么地方总是烟雾缭绕？ 吉米：离我爸爸嘴边不远的地方。
56,一次一个地遵循这些说明，尽可能快！
57,如果发生火灾，请不要试图使用升降机 - 试试灭火器。
58,玛丽走进律师事务所说：我想了解一下，我是不是具有离婚的基本条件。 律师问：你结婚了吗？ 玛丽：当然结婚了。 律师：你已具备了离婚的基本条件。
59,上班就是要发扬死猪不怕开水烫的精神！
60,"男人与女人,终究也只是欲望的动物吧!真的可以因为爱而结合吗?对不起,我也不知道。"
61,母亲：儿子，只要你好好学习，长大就可吃工资了！ 儿子：妈妈，现在就让我吃吧！ 母亲：现在不能吃。 儿子：可我现在很饿，工资在哪里？
62,你身材很好，好的连孙悟空看见你，都会给你三棍子了。
63,公园、河堤、草坪、茶楼与舞厅等休闲的地方，全部使用2000瓦的碘钨灯，让丫的想偷偷摸摸谈情说爱的情人们找不到一个落脚的隐蔽地儿……
64,有两种类型的人可以告诉你关于你自己的真相：一个发脾气的敌人和一个深爱你的朋友。
65,我知道批评并不像破坏那样有效。
66,毕竟说完了之后，说起来还有很多事要做。
67,你的朋友正和一个半岁的人约会，并没有违反任何法律。
68,有一天，我和家人坐着面包车去县城，在经过一个写着“种羊”两个字的广告牌时，我姐突然问了一句“羊是种出来的么？”
69,犹太人听过的一个笑话，知道如何更好地说出来。
70,我生活很高尚，但最终我建立了宽容。
71,现实中用真名说假话，网络中用假名说真话。
72,当它在步行距离之内时，不要让人疯狂。
73,有人在一个网站注册了一个用户名“爹”，结果它给我发来邮件，一看就震惊了，“爹，您好，恭喜您，您的用户名已经注册成功了！”
74,有一天，我在做判断题的时候，看见素数， 就问同学：“素数是什么？” 同学说：“这都不知道，素数就是很朴素的数字。”
75,杭州灵隐寺星巴克店。 “服务员，我点的是一杯卡布奇诺，你给我一个空杯子干嘛？” “哦，施主，空即是满，满即是空。”
76,垃圾是你保存多年的东西，在你需要它之​​前三周扔掉。
77,妻子对丈夫说L：你总是午夜之后才从酒店老板娘那儿回来，想想看，邻居该怎么议论你？ 丈夫回答说：请放心，我把邻居都留在老板娘那里了。
78,芭芭拉 - 像兔子一样乱糟糟，对外表不挑剔。
79,软件错误只有在软件被业界认定为过时后才能更正。
80,春天与出轨的共同点是：绿得不知不觉。
81,你现在过得好吗？如果你过得不好我也就安心了。
82,现实是一个虚构的概念，我发现在美学上很有吸引力。
83,如果猫和狗没有毛皮，我们还会宠他们吗？
84,偷了我钱包的小偷翻开只看到五块钱潸然泪下感叹：“都不容易啊！”。
85,猫在绑它们时必须攻击人类的鞋带。
86,我的婚姻是基于他相信他赢得了争论。
87,竞选助理：“议员先生，有个歇斯底里的女人在电话中吼叫，她想知道你对堕胎有什么看法。” 参议员：“呃，告诉她，我明天一早就把支票寄过去！”
88,盖伊（跟朋友说话）：我猜她不喜欢披萨。
89,爸爸：“儿子，你怎么哭了？” 儿子：“我刚才打扫鸟笼，把你心爱的金丝雀弄没了。” 爸爸：“你怎么打扫的？” 儿子：“我用吸尘器了。”
90,约翰不知该送什么东西给他的同龄女友做生日礼物于是他问祖母说：祖母，要是明天是你的十六岁生日，你想要什么？ 祖母欢快地回答：我什么别的东西都不要了。
91,"修养的艺术,其实就是说谎的艺术。"
92,小红和妈妈在看电视，忽然，小红把电视关掉了，妈妈急忙问：“正看在精彩的地方你怎么关了啊？” 小红说：“我要等爸爸回来一起看这最精彩的片段！”
93,我一天有事要很晚回来。gg说他在车站接我，结果我爸开车来接我了。 gg说：妈的，抢我生意！ 狂汗……
94,在人们停止聆听之前，总是试着停止说话。
95,如果你做不好，那就让它看起来很好。
96,女儿：妈妈，我将来做什么工作好？ 母亲：三百六十行行行都可以考虑，就是别当话务员！ 女儿：为什么？ 母亲：那行当尽由别人说了算。
97,他们是否在特奥会上为非残障人士预留了停车位？
98,都想抓住青春的尾巴，可惜青春是只壁虎。
99,如果排长能看到你，敌人也可以。
100,整死一个人，最毒辣的招数，莫过于把他的身份证藏起来…… 让他回家买不到票~快递取不到货~考试办不了准考证~宾馆开不了房！
101,本世界最伤狗的一句话：当你老了，你的自拍可能就是你的全家福。
102,孩子长了个长脸，委屈地说：“都怪妈妈，让我长（zhang)脸长脸，一定要长脸，结果我就长了个大长(chang)脸。”
103,请不要把我对你的容忍，当成你不要脸的资本。
104,忙碌是一种幸福，让我们没时间体会痛苦；奔波是一种快乐，让我们真实的感受生活；疲惫是一种享受，让我们无暇空虚。
105,弯曲香蕉的家伙到底是谁？他为什么要这样做？
106,制造汽车需要一百万个坚果 - 只有一个能够破坏它！
107,医学院的学生告诉我说他终于明白什么叫做生不如死了，那就是，停尸房有空调，他们寝室没有。
108,顾问是指那些你理解的主题并使其听起来令人困惑的人。
109,老王在餐厅坐了很久，看到别的客人吃得津津有味，只有他仍无侍者来招呼，便起身问老板：对不起，请问我是不是坐到观众席了？
110,将圣水与蓖麻油混合后你会得到什么？
111,当另一个“无关”部分被修改时，错误将出现在工作程序的一个部分中。
112,等我有钱了，我就买一辆公交车，专门走公交专用车道，专门停在公交车站，等有人想上车了，我就说：对不起，这是私家车。
113,老公昨晚夜班。 临睡前给老公发了个信息：“我一晚上快被自己的屁熏死了。” 老公回：“真对不起，没在家和你一起分担。”
114,每个员工都带着大脑，绝对不需要额外费用。
115,怎么啦，怎么啦，我的宝贝儿，你出了什么事呢？经理问他的美貌女秘书。 我必须向你埋白承认一件事实：我当你的秘书已经三年了，可我根本不会打字。
116,"4岁的男孩亲了3岁的女孩,女孩认真的问:你亲了我会对我负责吗? 男孩拍拍女孩的肩膀:你放心!我们已经不是一二岁的孩子了!"
117,刚才跟舍友说，下节课我不上了。 舍友问，为啥。 我直接来了句， 手机没电了。
118,总是从悲观主义者那里借钱。他们不希望得到回报。
119,罪犯甲：你男扮女装，为什么警察还是发现了你？ 民罪犯乙：我习惯性地进了男厕所。
120,你知道肠道坚韧不是一种健康食品补充剂。
121,我们必须相信运气。我们怎样才能解释那些我们不喜欢的人的成功？
122,丈夫：唉，娶一个妻子要花几万元，真难啊！ 妻子：亲爱的，给你生个宝贝儿子不就行了。 丈夫：怎么，生儿子？生个乖女儿吧，也许还能捞回娶你的那笔钱。
123,某化学老师向一女求爱，曰：你是H，我是O，我们结合在一起就是H2O，这是最稳定的结合。 女答：另一个H在哪？
124,我把斑点去除剂洒在了我的狗身上，现在他已经离开了。
125,纽约：你有权保持沉默，你有权获得律师......
126,买香烛，老板说要买这要买那，不然老人在下面过得不好。 后来直接问老板要了名片，说把你名片烧给老人有需要直接找你好了。
127,一对苍蝇母子正在吃饭，儿子皱着眉头问母亲：“妈妈，我们为什么要每天站在大便上，大便好脏啊!” 妈妈说：“不要在吃饭的时候说那么不卫生的事。”
128,你可能有一颗金子般的心脏，但煮熟的鸡蛋也是如此。
129,丈夫一时爱上了摄影，一下班便钻到临时改建的暗房中去工作。 妻子为此大为不满，她高声埋怨：你究竟拍了些什么见不得人的照片，非得躲到黑屋子里去冲？
130,老板对人事主管说：“为了节约开支，我决定裁员十人，这一决定是不可更改的。” 人事主管：“可是我们总共只有六个人可以裁掉。” 老板：“那你马上招四个人进来。”
131,当成功归于某人的头脑时，它通常在那里找不到任何东西。
132,一个同学身高一米八几，但是他父母身高都不到一米七，我们嘲笑他是不是基因突变了？ 他很生气地说：谁说我突变了，我二叔一米八呢！ 然后，大家都沉默了……
133,气候是你所期望的：天气就是你得到的。
134,我们学校有两个食堂，一个在一楼，一个二楼，不同老板。新学期一楼食堂拉横幅：祝同学们新学期更上一层楼！ 第二天，二楼支起一块小黑板：谢谢楼下支持！我们会更努力为同学们服务！
135,同学失恋，我去安慰她，说了一句：“节哀顺便 。” 女同学听后想了三秒擦完眼泪， 挤出点微笑说：“那么多人就你会安慰人。”
136,那个男人伸进口袋，掏出确切的款项付款。
137,寇准听闻佘太君欲亲率一众女眷出征， 忙来相劝：“太君，你们何苦呢？” 所有寡妇双眼冒火，一字一顿同声质问：“你死过老公吗！”
138,医生称他们做什么“练习”是不是有点令人不安？
139,电台台长与人事处长相遇，俩人总话不投机。 人事处长：“你上班就上台，下班就下台。” 电台台长：“你上班就办人事，下班就不办人事。”
140,太可惜了。所有在住宅区的零售猫。
141,感情就像买股票，选上了垃圾股，亏了，那不打紧，关键是学会止损，但最怕就是你不承认自己眼光的失败，盲目持有，望待回升，结果，等啊等，等到花儿也谢几回了。
142,如果去教堂让你成为一名基督徒，去车库会让你成为一辆车吗？
143,吃惊！我高中同学和初中同学竟是一个人。
144,贫僧是自东土大唐而来，专程去往西天拜佛求亲的。
145,足球结合了美国人生活中最糟糕的两件事。这是暴力，由委员会会议打断。
146,如果我把你拉近了，我会在你的另一边。
147,谈到爱情，智者和傻瓜之间没有区别。
148,周杰伦曾两次光顾复旦食堂： 第一次是在2001年，走后创作了《范特西》； 第二次是在前不久，走后便有了《依然范特西》！
149,幼儿园老师说：尿床一次罚三元，二次五元，三次七元。 我正想问老师包月多少钱，就看见你举手说：老师，我要办VIP会员年卡！
150,维利，什么是同义词？女老师问。 维利答道：同义词就是，当你不知道基本词确切的写法时，用以来代替的词。
151,我们很抱歉，但现在还没有服务。
152,男粽子啪地给了女粽子一耳光，骂道：我们都是红枣馅的，怎么我的儿子，是猪肉馅的！
153,课堂上，老师说：“不一定姓什么就怎么样，姓牛的其实都不牛，你们看，历史上哪有姓牛的出名人物？” 角落里，一个低沉的声音响起：“牛顿！”
154,我知道空手道！......还有其他几个日语单词。
155,杨振宁娶了翁帆后，他的好友说：真是委屈了人家姑娘，你都可以做她爷爷了。杨很不满：我更委屈，她爷爷比我小两岁，可我还得装孙子！
156,如果数字2铅笔是最受欢迎的，为什么它仍然是2号？
157,你妈和你女朋友掉油锅里了，你先吃谁？
158,成功就是能够在不失去热情的情况下从失败走向失败。
159,错误：按任意键除外..不，不，不是那个！
160,一位护士小姐走进病房里，好容易才弄醒了一个已经酣然入睡的患者。 你要干什么？病人很不高兴。 你必须按时服药。护士小姐说完，同时递上两粒安眠药。
161,萤火虫：没有危险意识，缺乏消防观念，涉嫌故意纵火罪。
162,每当别人夸我的时候，我总是局促不安，那是因为夸得还不够。
163,老师：“做任何事都要一气呵成，才能让人激赏。” 学生：“我懂了，以后我绝不放断断续续的连环屁。」
164,我有时感到孤独和微不足道，特别是当我还在洗手间的时候人们关灯。
165,老婆：你怎么一吃完饭就躺下了？ 老公：体检不是查出我有脂肪肝吗？ 老婆：怎么了？ 老公：医生对我说，你不要吃完饭老是坐着，这样最容易得脂肪肝！
166,同义词：当你不能拼写第一个时使用的单词。
167,老板，有没有可乐？给我拿瓶雪碧。
168,他试图通过驱动猪排来杀死一个吸血鬼，因为牛排太贵了。
169,计算机谎言＃1：你永远不会使用所有磁盘空间。
170,一同学问我：“the king is always lucky”怎么翻译， 我不假思索就说：“国王总是幸运的” 他摇摇头说出了三个字：“王老吉”——我顿时长跪不起。
171,当贫穷敲门时，爱情飞出了窗外。
172,小鹅问母鹅：“为什么要管爸爸叫皇阿玛？” 母鹅对小鹅说：“因为我是你的鹅娘啊。”
173,将奶酪放入捕鼠器时，请始终为鼠标留出空间。
174,把丈夫放在狗屋的妻子很快就找到了他在猫屋里。
175,为什么木乃伊难以保持朋友？他们自己也被包裹了！
176,爸妈吵架，我爸气得说了句：“我给你滚出去！”
177,我们经常担心被拒绝，以至于在其他人有机会之前我们先拒绝自己。
178,大多数人从未见过只有13个频道的电视机，也没有看过黑白电视。
179,看完315晚会，不敢吃饭，不敢用手机，不敢用筷子，不敢开车。
180,看到文章标题开头是“震撼”、“无言”、“感动”之类的，一般都是造谣。
181,"我妈常说,我们家要是没有电话就不会这么穷。"
182,要问是一时的耻辱。不要求并且保持无知是一辈子的耻辱。
183,富人有两宗罪：有钱不借给我；借我之后还老催我还钱。
184,用嘻哈的蓝调精神来过二胡一样的生活。
185,不要满足于平均值：平均值接近底部，而不是顶部。
186,精通摩斯电码的猫就有惊人的1000100条命了。
187,第四，保持警惕。你可以通过观察观察很多。
188,除了业余园丁外，每个人都会收获他播种的东西。
189,如果你的生活就像没有上帝，你最好希望你是对的。
190,多少人想浪费粮食还没有机会呢，你就非要吃干净？
191,某死囚上刑场前，法官问他此时有何心愿。他说：我此时最大的心愿是能够穿上防弹背心并戴上钢盔！
192,这是你穿的很棒的衣服......我只有完美的衣架。
193,我下周要去火星，所以如果你有任何盒子，我需要它们。
194,顾客：天哪！怎么两瓶啤酒就值10元钱！难道这儿啤酒就这么稀罕？ 侍者：不，先生！这儿稀罕的不是啤酒，而是顾客。
195,如果你在她之前得到晋升，那就是偏袒。
196,对话女孩：当我们结婚时，我想分担你所有的烦恼，烦恼和减轻你的负担。
197,五位外科医生正在讨论谁让最好的病人进行手术。
198,如果你看不到礼物，你怎么能看到未来？
199,不要以任何方式弯曲，折叠，钉住或毁坏这个标语。
200,我已经知道你不应该把自己与别人比较 - 他们比你想象的更加紧张。
201,当我只开车10分钟时，我怎么能以每小时70英里的速度行驶？
202,我没有获得监管艺术学位只是被称为看门人。
203,我们根据自己的希望承诺，并根据我们的恐惧行事。
204,把女性放在基座上的男人很少会把它们打倒。
205,如果您正在寻找一些特定的，请使用此搜索引擎。
206,被命运所鞭打，笑得越大的人就是受虐狂。
207,我试过放松，但不知何故，我感觉更好。
208,高中时的语文模拟考，发卷之前听说本次考试最高分是139分（满分150），当时大吼一句，MD，是不是人啊，考这么高，卷子发下来，发现是自己的~！
209,男人就像假期......他们似乎永远不会长久。
210,阿呆在路上遇到了客人。 阿呆：“我妈请……请……请你到我家吃便……便……便……便饭！”
211,爸爸新买了条裤子给晶晶，谁知刚下一水就缩得穿不下了。 妈妈生气地骂着爸爸。 晶晶却说：妈妈，你给我洗个澡也缩小点不就行了吗！
212,如果你的保险杠贴纸不是那么小，我就不必开得那么近看了！
213,所有战斗都在两张或多张地图表的交界处进行，......以不同比例打印。
214,上初中的时候，老师对头发的要求特别严格，规定刘海不能超过眉毛。 第二天老师检查的时候，我发现同桌居然把眉毛剃掉了……
215,长时间做错事就会让人觉得表面上是正确的。
216,当酒精不再起作用时，你已经准备好清醒了
217,“你刚才是和谁打招呼呀？” “他是我第二个丈夫的第一个妻子的第三个丈夫！” “你竟然记得！” “因为现在他是我丈夫！”
218,上帝会原谅我。毕竟，这是他的工作。
219,在排练中，管乐队的指挥对乐队队员提出意见： 第二小号手吹得不准。 乐队中一个声音传来：他还没来呢！ 那好，待他来了再告诉他。
220,老婆对老公抱怨说：“衣服都涨价了。” 老公说：“少穿点呗。” 老婆：“现在生活成本这么高，你怎么不少活点！”
221,“大师，听说你算的准，算算我以后能不能当官呗， 大学同学都当局长、科长了。我还有机会吗？” “小伙子，看面相你可以的，你能当家长。”
222,在我们寻求真理的过程中，让我们不要被最容易相信的东西所影响。
223,女：你觉得我哪点可爱？ 男：你很特别。 女：怎么特别？ 男：天下那么多男人，可你只爱我！
224,你的手机比话费还便宜。
225,说出来不怕你们笑话，我有恋钱癖。
226,强强：我想数数狗有几颗牙，把手伸到狗嘴里去了。 丽丽：狗咬你了，是吗？ 强强：是啊，它大概也想数数我有几个指头吧，真没办法。
227,在家觉得后背发痒，就把四五岁大的儿子叫来：“给爸爸抓抓背。” 小家伙用一只手指抵住背，很正经地说：“爸爸，动吧。”
228,儿子边哭边理‍直气壮地说：“你看，试卷上面写得很清楚，‘答错扣分’啊。
229,昨天我过生日，老婆给我买了两双鞋子，今天生日过完了，老婆就把鞋拿去退了。
230,我注意到一名警察坐在桥顶上的雷达枪。
231,精神病科医生：从前你总以为自己是戴安娜，现在你已经摆脱这种幻觉康复了。 患者：非常感谢！请把治疗费清单寄给查尔斯王子吧。
232,我喜欢留下来听你谈论自己，但我得跑。
233,当你忙于制定其他计划时，生活就会发生在你身上。
234,在某些文化中，我所做的将被认为是正常的。
235,不要催吐！这部电影将为你做到！
236,女同事说：“你那么喜欢猫咋那么狠心，为什么不把楼下的流浪小猫们都带回家？” 我瞄她一眼：“我还喜欢女人呢，能带一堆女人回家？”
237,告诉你别逼我，你要是在逼我，我就装死给你看！
238,某公司领导为鼓舞工人干劲，发表讲话，说：大家要努力工作！为了我们公司的发展，只要能让我们公司前进，我们可以在正当手段中不择手段！
239,"一直对发型不满意的人,有一个共同点:不肯承认这是脸的问题。"
240,成功的惩罚是让曾经怠慢你的人感到无聊。
241,同学最近购进一山寨机，炫耀其超长待机一百天。然后一天就木电了。我们仔细一看手机盒子上写得是“超长待机一白天”。
242,于是一群人憋到内伤……老师，您说的是下水道吧……
243,有一次做梦梦见我在考试，吓的我心惊肉跳，醒过来发现自己果然在考试！
244,没有必要做家务。四年后，污垢不会变得更糟。
245,当我的车停在另一辆车上时，我的车被合法停放了。
246,如果我想要你的意见，我会要求你填写必要的表格。
247,我闺女很大气的点评了一下：“这女的歌唱的不错，人长的也还行，就是没有温度。” 我婆婆听了，疑惑的问什么叫没有温度，我闺女说，就是个头太矮了。
248,农夫：我晚上上床后常感觉发冷。 医生：我也有过，那时我会搂着我太太，就会暖和了。 农夫：这办法不错，但您太太什么时候方便呢？
249,在学校里，教师讲了一个活了105岁的老人的故事。 小胖子马上站起来说：这有什么稀罕的，如果我爷爷还活着，他该有120岁了。
250,有一天，我的姐姐从商店转了一圈后回到家里，把她新买的那件睡衣举了起来，要姐夫评价。 我的姐夫回答道：“好漂亮的屏保！”
251,某局正在进行末位淘汰，把最没用的人辞掉。 有人问小刘：“局长问你，考核表是不是你用了？” 小刘忙跑到局长那里解释：“我没用！我真的没用！”
252,我不傻。我只是掌握了完全没用的信息。
253,和老爸讨论九寨沟讨论的起劲的时候，俺奶奶哈哈大笑：韭菜沟有什么好看的？咱老家那后山沟，那条沟不是韭菜沟？
254,丈夫下班后回家，一进门儿就嚷嚷说：啊，咱们今晚上吃冷餐！ 的确是吃冷餐，可你怎么知道的？妻子好奇地问。 因为屋子里闻不到一丁点儿糊味……
255,我今天去看了医生，他拒绝给我写伟哥的处方。他说这就像在一座被定罪的建筑物上放置一个新的旗杆。
256,我很好; 这是世界其他地方搞砸了。
257,小杜克央求哥哥说，你去向妈妈要点钱吧，咱们两个看一场电影去。 要去你自己去，妈妈又不光是我一个人的。 可你跟妈妈认识得早一些嘛！
258,我有个同学，有一次犯了个错误。 老师叫去问。他就说：“人嘛，总会犯错误的，就象吃芝麻哪有不掉烧饼的……”
259,许多人已经尝试了一段时间（举重运动员，卡车司机等），但没有人能做到。
260,某新年前夕见一哥们个性签名【哥保持了20年的处男之身，今晚终于要……】遂一帮禽兽围观询问。 整点过后，此君签名为【突破21了】
261,奶奶：安德列伊卡，你咳嗽的时候要用手捂住嘴。 孙子：别担心，奶奶，我的牙不会掉就是了。
262,她喜欢做个婊子，以至于在她的时期结束时会让她生气。
263,鸭子和螃蟹赛跑，一起达到终点，难分胜负，裁判说：“你们来个剪刀石头布吧！” 鸭子怒：“妈的，算计我？我一出就是布，他总是剪刀！”
264,结果他转得更起劲了。 我在远处快笑出来了。 哥，你手里转的可是钢笔啊！ 您这白羽绒服算是……八成得等着甩到脸上才明白过来。
265,哈雷和胡佛有什么区别？污垢袋的位置
266,病人：“医生，我耳朵好像半聋了。听东西总是只能听到一半。” 医生：“是吗？那我来测试下。 88” 病人：“44”
267,我可以对录像机上的所有性，裸露，语言和暴力做些什么？
268,一哥们问：“有人在你背后捅刀子怎么办？” 我答：“自卫！” 哥们笑：“擦！被人捅了，还想着撸管子！”
269,一个人时，善待自己；两个人时，善待对方。
270,“老公，你太大意了，安眠药都没吃” 我睡眼朦胧地吃了片安眠药， 总觉着怪怪的……
271,我尊重一个知道如何拼写单词的人。
272,甲：我今天五点就起床了。 乙：然后你干啥了？ 甲：然后……呵呵…我又睡了。
273,不要担心今天的世界结束......澳大利亚已经明天了。
274,每次听到从一楼食堂窗口喊出：“要什么同学？” 我都忍不住想说 “要一个女同学，带走！”
275,一次文艺晚会，主持人上台报幕：下面请欣赏：新疆歌舞，掀起你的头盖骨！毛骨悚然！
276,如果一个女人必须在捕捉飞球和挽救婴儿的生命之间做出选择，她将选择挽救婴儿的生命，甚至不考虑是否有男人在基地。
277,女人希望她年长的唯一一次就是她期待的时间。
278,没有什么比常识和简单的交易更令人惊讶了。
279,当你射出真理的箭头时，请用蜂蜜蘸它。
280,如果他们把一个人放在月球上 - 他们应该能够将他们全部放在那里。
281,我不小心把鹿哨子安装在我的车后面。现在，无论走到哪里，我都会被一群鹿追赶。
282,经典是每个人都想要阅读而没有人拥有的东西。
283,世界上唯一不变的，就是一切都在变。
284,巴黎晚报的主笔拉扎雷夫，有一次对一群大学生讲到他的经验时说：一位新闻记者前半生是花在报道一些他们不能了解的事情上，而后半生则是花在隐瞒一些他了解得太透彻的事实上。
285,此电子邮件永远不会被主动发送。它只发送给您，因为您很幸运能够了解发件人。
286,“听说厂长决定要大裁员了！” “这你还不知道，跟我们无关。他是跟他老婆吵架，威胁要把她所有的亲戚全裁掉……”
287,婚姻就像一把小提琴; 甜美的音乐结束后，仍然附有弦乐。
288,在我死后，我宁愿让人们问为什么我没有纪念碑而不是为什么我有一座纪念碑。
289,我出生时就是剖腹产。你无法分辨，虽然每当我离开家时，我都会从窗户出去。
290,在自行车上，无论你想走哪条路，它都是上坡路，逆风而行。
291,每次她进入它，她都会出现黑色和蓝色。
292,我梦见药丸的所有受害者都回来了...男孩，他们疯了！
293,不要总是拍马屁，马也是会长痔疮的
294,上帝必须特别喜欢原教旨主义传教士，古代保守派共和党人和精神病患者，因为他是他们所谈论的全部。
295,有人问美国大学问家葛特里奇，为什么他这样一位伟大的学者却从未获得博士学位。 他回答：谁能考我呢？亲爱的先生！
296,面对疯狂逃窜的歹徒，警方不慌不忙的摸出了捆仙绳。
297,同学的爸爸是出租车司机，那天两个男的伸手拦车：到某某某地多少钱？ 大约10块钱吧。 两人15去不去？ ……去！去！
298,一位牛奶商贴出了这样一则广告：如果你连续1200个月每天都喝上一杯牛奶，你肯定能活100岁！
299,经常会从梦中惊醒，因为做了一个饿梦，好饿好饿的梦。
300,所有男人都会犯错误，但已婚男人会更早地发现错误。
301,如果不是为了杀戮，华盛顿将成为该国犯罪率最低的国家之一。
302,成功来自罐头......失败来自于不可能。
303,老板：你最近怎么老是请病假？ 员工：脖子疼。 老板：原因？ 员工：您秘书的裙子太低。
304,我问过一次我的家谱，他们告诉我我是个傻瓜。
305,中午吃饭，忽然一领导冒一句：“女人生完孩子就没意义了。” 接着旁边新入职女同事悠悠的来一句：“那你妈还活着吗？”…
306,如果你踩到一个水坑，不要责怪水坑。
307,那些不为未来做计划的人无论如何都要经历它。
308,今天一同学说，你怎么老喝可乐呀， 杀精，我回答，死在里面总比抛尸荒野要强…
309,顾客：你们的意见本在哪儿？我想提意见。 服务员：是表扬还是批评？ 顾客：是写批评意见。 服务员：那好，我们这里代卖信纸，一毛一张。
310,说到动情之处，40岁的语文大妈愤怒地拍台大声说道：“你们人类啊!就不知道保护环境!!” 全班石化……
311,成功是一个相对的术语！它带来了这么多亲戚！
312,一觉醒来，天都黑了。
313,幸好爱情不是一切，幸好一切都不是爱情。
314,那些都是很好很好的，只是我不喜欢
315,“谁喜欢音乐？向前三步走！”老师说，六名女生争先走出队伍，老师满意地看了看。 然后说：“很好，现在请你们把这架钢琴搬到六楼上去。”
316,直播：了解过去; 帮助现在; 触动未来。
317,如果无知是幸福 - 那么你必须是高潮！
318,你不是天生的幸福，你必须为自己做。
319,分手时别和我说我们不合适，我他妈火星人啊和地球不合适。
320,妄想症：害怕你的猫是出类拔萃的。
321,无论你认为你能做到，还是做不到，你通常是对的。
322,你怎么称呼一个像男人一样工作的女人？
323,你不能通过走路来重置人类的闹钟。
324,最好是日复一日地生活，因为明天你可能不在这里。
325,新老师来我们学校实习，第一堂非常紧张，首先做了个自我介绍，同学们好！我是你们的新老师，我姓张，大家以后叫我王老师好了……
326,妈妈说：“我连你都不想养，你还养宠物呢！” 女儿不甘示弱，反击道：“要不是你亲生的，我早离家出走了。。。”
327,夜深了，孩子睡觉时哭了起来。父亲决定唱一段催眠曲哄他。结果刚唱了几句，隔壁就传来抗议声：还是让孩子哭吧！
328,在课堂上，某老师说，小时候，妈妈经常跟我说天使的故事。 一位同学说，老师，你家就那么喜欢屎啊，还把屎说到天上去了。
329,‍　　一天，老师对同学们说：“如果你是皇帝，我是丞相，你会对我说些什么？” 就在这时，小明站起来怒吼‍道：“拖出去砍了！”
330,一客户存钱，柜员问：“您是存定期吗？” 他立即扭头问妻子：“我们要定期还是死期？” 妻子答：“先死三年吧！” 强忍不敢笑。
331,一蚊子进城，饿极。见一小姐双乳高耸，遂一头扎入猛咬，结果满嘴全是硅胶，于是仰天长叹：“唉，食品安全太成问题了！上哪找放心奶啊？”
332,这些是我的原则，如果你不喜欢它们......好吧，我有其他人。
333,再过几天就是情人节了，女朋友晚上突然发来信息 问：“情人节你打算怎么过呀？” 我答：“当然是一笑而过。”
334,钱对存折埋怨道：“我们都谈了这么多年了，你怎么还不娶我呢？” 存折语重心长地说道：“我如果娶了你，你就不是我的了。”
335,只要能让我活一千年我宁愿当王八。
336,法官问被告：你确定自己没说谎吗？ 被告：您指的是什么意思？ 法官弄不懂的是：你告诉我你只有一个哥哥，可为何你妹妹说她有两个哥哥？
337,时间就是精饲料，让许多人瘦子的脸变成了月佥，腰变成了月要，腿变成了月退，肚变成了月土，只是胸还是胸。
338,快速关闭电脑，务必告诉你的妈妈！
339,我想要对我的炉子进行一些修理，因为它已经适得其反并将我的旋钮烧掉了。
340,有一天宿舍老三不愿到食堂排队打饭，等到老二回来就问食堂的队伍长吗？ 不长，但很粗。
341,坐在电影院里，等了半天也没开始。于是有人高声问：怎么还不开始，遥控器在谁那儿呢？！
342,我讨厌这个国家，所有那些走动的动物都没有煮熟。
343,你配几把？配锁师傅问。
344,随着年龄的增长，我对男人说的话不太关注。我只是看他们做了什么。
345,任何不受理性影响的人都没有什么是不可能的。
346,我不敏感或幼稚，不足以在政治上正确。
347,一个没有犯错误的人通常什么都不做。
348,小学一年级的时候，同学姓王。 我：你爸爸肯定姓王。 同学大吃一惊：你怎么知道的？
349,写小说有三条规则。不幸的是，没有人知道它们是什么。
350,一些世界上最伟大的壮举是由不够聪明的人知道他们是不可能完成的。
351,当我转过身时，人们会给我一个欢迎回来的派对。
352,双关语的美妙之处在于“Oy！” 旁观者。
353,老师：两点之间直线最短是不用证明的。10米外放根骨头，狗肯定笔直跑过去。狗都知道的道理还要证明吗？
354,朋友说起他去中央音乐学院找某大师的一次经历。他说大师还请教了他三个问题：“你是谁？”，“你怎么进来的？”，“你怎么还不走？”。
355,伊拉克自杀性炸弹训练营的教官，对新进入营培训的小伙子说道：“各位，注意一下，这玩意我只演示一次！”
356,为什么'忽视'和'监督'意味着相反的事情？
357,宿舍大姐问照着镜子问众姐妹：我是不是长得很显老了？ 小妹说：没有显老，就是长得太着急了些……
358,我越来越担心生活中没有足够的焦虑。
359,我们去哪？这个手提篮有什么用？
360,老板说：“真不凑巧，昨晚来的强盗把钱都拿走了。” 强盗：“你这窝囊废，为什么不关紧门？！”
361,"想做一条鱼游在工作的水中,可做不好,于是变成了水煮鱼。"
362,你比微积分的基本定理更让我着迷。
363,昨天，系花对我笑了一下，乐得我晚上直数羊，一只羊，两只羊，三只羊......
364,青春就像卫生纸。看着挺多的，用着用着就不够了。
365,门门功课都得a，不如人家一对c。
366,口腔温度计和直肠温度计之间的区别在于味道。
367,让那只猫从袋子里拿出来比把它放回去要容易得多。
368,有些人爬上了成功的阶梯。我的老板走在它下面。
369,如果你有一群小丑，你将会有一个马戏团。
370,低调，才是最NB的炫耀。
371,上班了第一次看见老板心里很紧张，同事介绍说这个就是老板。 我上前握手说道；老表好！ ……汗死
372,妻子：你把我的信寄了么？ 丈夫：好像是寄了。你不信，不妨在我袋内找找。 妻子：多谢！我忘了，还没有把信交给你啊。
373,两情侣吵架，男的解释：“我只是打了一个比方……” 女孩挖苦：“哎哟，你放过那些比方吧，别打他们了！”
374,猫是由物质+反物质+它无关紧要组成的。
375,老爸说：“你们现在的答题卡怎么像彩票一样？？” 儿子答：“其实性质差不多。~”
376,亲爱的，妻子对丈夫说，我买了一块丝料，准备给你做条领带。 你真好！不过干嘛要买这么多呀？ 剩下的那部分我想给自己做条连衣裙！
377,我长这么高，老实说我很自卑，每次自卑时我就安慰自己，还好我胖，不显个儿。
378,我宣誓效忠于地球，一个星球，众多神灵，以及她旋转的宇宙。
379,加入裸体主义者的殖民地，必须出售洗衣烘干机 -  300美元。
380,小时候一直以为奸夫淫妇是一个褒义词，以为是金夫银妇。 爸妈过结婚纪念日，我说：爸妈，祝你们这对奸夫淫妇和睦一辈子！ 后来……
381,在医学课堂上男学生问：我要如何才能打动你的心？ 女学生：老师不是教过了吗？要用电击。
382,老程序员永远不会死，他们只是失去了记忆！
383,史上最雷人的分手理由，因为你是qq会员，我觉得我配不上你。
384,忘记一切，因为有一天一切都会忘记你。
385,在生命的牧场上，不要成为一个喜鹊。
386,为什么你有一双“裤子”而且只有一件文胸？
387,我有一个十八岁的身体。我把它放在冰箱里。
388,甲：小吴人挺厚道的，怎么一直没有女朋友？ 乙：你看小吴那长相，还有他那收入，典型的绝缘材料！你就是把他扔进女儿国，也没有姑娘愿意和他来电！
389,挑剔：不仅仅是一种爱好，它还是一种生活方式！
390,甲：“我老婆真他妈不像话！扔下一大堆衣服让我妈洗！” 乙：“那你干什么去了？” 甲：“我实在不忍看我妈受累！到你这散散心！”
391,人头攒动的街头，总会有一个发传单的人拨开人群，目光坚定，心无旁骛地单单只朝我走来，微笑着递给我一张别人都得不到的传单：减肥广告！
392,有位朋友，妻子姓皮，丈夫姓毛，我们开玩笑称“皮毛家庭”。 问他们家里谁做主，妻子答：这还用问，皮之不存，毛将焉附？
393,史上最短的战争是在1896年桑给巴尔和英格兰之间。桑给巴尔在38分钟后投降。
394,在校大学生领结婚证可以加三个学分，都不知道是什么原因。 某位学姐说：“国家级证书当然加学分了！”
395,我不是单身，我是浪漫的挑战。
396,我们的品格将决定我们永恒的命运。
397,老师：汤姆，你从星期一到星期天，每天都逃学，哪一天你才喜欢学校，不逃学呢？ 汤姆：星期天。
398,给大家解释一下孙笑川之所以打奶奶是因为奶奶先叫他孙子的这谁忍得了。
399,无论在哪里，我都会与邪恶作斗争！除了在黑暗，可怕的地方......
400,爱情就是犯贱，而且还是一次又一次的犯贱。什么时候你不犯贱了，女人就来了！
401,我喜欢截止日期，尤其是他们飞过时的嘶嘶声。
402,孔雀拼命开屏，却露出屁眼！
403,成人不自在，自在不成人。
404,汤姆热情地说，吃铀让我觉得好笑。
405,一个最容易开玩笑的地方，但很可能被认真对待。
406,十年后，法院第二次判杀人犯死刑。
407,儿子随妈妈去乡下外婆家，看到外婆家的猪嘴角挂满沫，儿子奇怪地问：“妈妈，怎么那猪刷完牙不洗脸呀？”
408,成功专家有日在演讲台上说：把每一天都当成生命末日般去努力，一定会成功的。听众：才不要，那天天说的话岂不都是遗言了呢！
409,如果我一辈子都活了下来，我觉得我没有力量。
410,老公感慨的对老婆说：“这么多年了，我们这个家，没有人可以替代你！” 老婆怒问道：“老实交待，这么多年，你找了多少人准备替代我。”
411,缺席就是爱风是什么风; 它熄灭了小，它使伟大的。
412,没有性行为的补救措施......除了更多的性行为。
413,我可能有自己的缺点，但错误不是其中之一。
414,一天国文课，老师要同学解释成语的意思。 老师：厚古薄今是什么意思？ 小星举手答道：古代的女孩子想的是衣服要穿越多越好，现在的女孩子想的是衣服要穿越少越好。
415,那天我一边吃冰淇淋一边骑自‍行车骑着骑着，突然感觉冰淇淋融化了滴了一滴在手上，哥毫不犹豫的舔了一下。 尼玛是鸟屎。
416,给一个人一条鱼，你会喂他一天。教一个人钓鱼，他会买一顶搞笑的帽子。
417,我爸爸是个工作狂。每次有人提到工作，他都喝醉了。
418,妻子心血来潮，照照镜子， 发现自己的脸竟是那样难看， 不禁放声大哭。 坐在一旁观察已久的丈夫说： “你偶尔照一次镜子就那么伤心， 那我天天看着你又该怎么办？”
419,鸡：你出生前和死后只吃的动物。
420,某日某BBS求职版有一职： 征打字工读生，只要做简单键盘输入即可。 一人回应：我想应征，请将原稿E-MAIL给我。
421,红杏不出墙，坚决拽出来。
422,晚上想想千条路，早上起来走原路。
423,我想我正处于那个尴尬的年龄。对于医疗保险来说太年轻了，对于男人来说太老了。
424,一旦你认识到我是对的，我真的很容易相处。
425,我是银行出纳员。那是一个很棒的工作。我每周带回家45万美元。
426,老鼠：我兄弟结婚了。 狗：你兄弟是谁？ 老鼠道：狮子啊！ 狗：狮子怎么会是你的兄弟？ 老鼠：其实我没结婚以前也是一只勇猛的狮子！
427,当你达到了解你的计算机的程度时，它可能已经过时了。
428,一天，蚊子夫妇去厕所吃晚餐。 蚊子丈夫吃的正兴起时，妻子抱怨到：“为什么晚饭总吃大粪啊~~~。” “吃饭的时候不许谈论这么恶心的话题！！！”
429,某高校院系调整圆满完成，各系无论大小纷纷挂牌以学院。总结大会上校长慷慨呈辞道：从今以后，我们学校就没系(戏)了。 台下掌声四起。
430,我认识这个在海洋世界工作的人; 但我不认为这是在海豚身上......
431,你跟他还有救吗？ 电话上的一个按键。 是‘重拨’吗？ 不，是‘免提’！
432,课程安排旨在让每个学生在课间浪费最多时间。
433,当你在当地便利店的人说英语时，你知道你住在一个小镇上。
434,他太老了，当上帝说有光明时，他就是那个击中开关的人。
435,阿强：“今天数学差6分就及格了，你咧？”阿明：“我也差6分就及格了。”阿强：“你也54分？”阿明：“不…我0分。”
436,我从另一个方向与一辆固定卡车相撞。
437,你又要去听音乐会吗？丈夫惊诧地问，要知道，今天演奏的仍然是昨天的节目！ 我知道。太太说：可今天我穿的不是昨天那件连衣裙呀。
438,一位妇人带她的狗去理发。当被告知要40美元时，她十分震惊。 我理发也只要9美元！她轻蔑地说。 但你不咬人吧？理发师很快地回答。
439,男士喜欢具有多种功能的手表。我的丈夫有一个组合地址簿，望远镜和钢琴。
440,比尔误把一瓶汽油当酒喝到肚子里了，他很紧张，就去找医生。 医生说：没关系，只是在一周内不要吸烟。
441,他非常自负地走在情人巷里，握着自己的手。
442,职工：你有没有搞错？60个工人，而班车的座位只有40个。 经理：只有这样，你们才肯提前上班。
443,今天坐公交车看到一群老年人拿着老人免费卡坐了一站路就下车， 这一站路还是小站。我想说老年人有这么脆弱么？ 还有力气上公交的不至于这点路都走不动吧！
444,小明做梦发短信：“枯藤老树黑鸦，可乐皮鞋千家，世风日下，天堂：让我来吧！” 不一会，手机那头回复了八个字：“门票很贵，人多排队！”
445,一个人发贴：刚和哥哥打架了，他在客厅里，我在厨房里，厨房有刀，我要怎么办？ 雷人回复：削个苹果给哥哥吃，告诉他别生气了！
446,如果您必须在航班上工作，只要您触摸笔到纸张就会遇到湍流。
447,偏见使敌人 - 宽容成为朋友。
448,有天走在路上，看到路边新种的一颗颗树苗都用三脚架支撑着，随即问同行的老公：“为什么新种的树苗都要用支撑架呢？” 老公说：“因为新树不正。”
449,如果早上来的晚一些，我想我会喜欢早上的。
450,有句话是这样说的： 喜欢她就应该喜欢她的全部。 我想我做到了这一点， 因为我觉得我已经渐渐喜 欢上了她的男朋友。
451,现在真的好人难做啊， 刚我在酒店好心好意招呼旁边酒桌的客人： 哈哈哈大家都开心点尽情吃别客气哈！ 这顿我请客别跟我抢……＂ 结果不一会就被死者家属轰出了丧礼的酒席。
452,我不是器官捐赠者，但我曾经给救世军送过一架旧钢琴。
453,教授收到台下传来的一张纸条，上面写着“王八蛋”三个字。 他愣了一下，然后微笑着说：“哪位同学写了名字却忘了问问题？”
454,即使没有危机，英国也有保持冷静的声誉。
455,爱是一个女人与另一个女人不同的错觉。
456,装比卖老，一刀放倒。
457,当其他人在没有你帮助的情况下发现你的优点时，它会更令人印象深
458,我经常和自己说话。然而，它让人烦恼，因为我使用扩音器。
459,一老师面对一群恨铁不成钢的学生叱怒道：我这么呕心沥血地教你们为了什么？啊？ 角落一学生悠悠地说：不就是为了那点钱嘛。
460,我工作时不小心打开了窗户。那人回答。 啊，这犯了哪门子的法？大伙惊呼。 我在潜艇上工作的。那人又说。
461,保持美丽美丽 - 吞下你的啤酒罐。
462,为什么流量最慢的时间被称为高峰时段？
463,花点时间闻一闻玫瑰，最后你会吸一只蜜蜂。
464,你准备的商业计划必须是谎言，但它必须是一个详细而准确的谎言，而不是模糊和一般的谎言。
465,我不再吸毒了，因为我发现我只是站得很快就能得到同样的效果。
466,如果连体双胞胎参加体育运动，他们会算作一两个球员吗？
467,我高考的时候就是有人一直在放屁，煎熬死了。
468,写作培训班的老师要学员写一篇鲜为人知的文章，并启发学员说：别人闻所未闻的都属于鲜为人知的。 第二天，有位学员兴冲冲交上作业，标题是----《咱爸咱妈恋爱秘史》
469,委屈的丈夫对太太说：“我的家里有两辆汽车、两台电视、两个浴室，为什么不能有两种意见呢？” “好啊，那我们也准备两张床吧！” 丈夫：……
470,工作的最高境界就是看着别人上班，领着别人的工资。
471,给我一杯啤酒！我像一只死的野狗一样干燥......
472,我每小时跑70英里，被一名警察拦住，警察说：“你知道速度限制是每小时55英里吗？” “是的，军官，但我不会那么久......”
473,数学课上，教师对一位学生说：你怎么连减法都不会？例如，你家里有十个苹果，被你吃了四个，结果是多少呢？ 这个学生沮丧地说道：结果是挨了十下屁股！
474,计算机程序员永远不会死，他们只是迷失在处理过程中。
475,老虎不发猫，你当我是病危呀！
476,一个星期后，男子回来说：“给我200只小鸡。” 合作社的人遵守。
477,拉着自己......懒洋洋地......痛苦地......趴在凳子上。
478,上帝和一个谦虚的法国人之间有什么区别？没有，在这两种情况下我们希望它存在！
479,高中的代数老师：说话不许出声音。
480,教授：你少上一节课，知道错过什么吗？ 学生：您的口水。
481,孩子把玩具当朋友，成人把朋友当玩具。
482,我问爷爷当年怎么和奶奶认识的。 爷爷低头沉思一会说：一个瞎子介绍的……
483,猴子对黑猩猩说：“人家都买房了，你怎么也不跟潮流？” 黑猩猩：“（双手拍胸脯）哥啥房都没有，只有两个乳房。”
484,早上一屁股坐马桶上，我才知道：冬天已经来了。
485,美国国税局：我们已经拥有了你所拥有的东西。
486,分类广告：出售：男士西装，完美贴合。
487,这简直是胡闹！导演对一演员生气地喊，在这一幕里，你临死之前怎么能突然放声大笑呢？ 就凭我每月这工资，演员回答，死是我最美好的归宿啊。
488,当我们的父亲聚在一起时，无论主题是什么，每个人都是专家。
489,有一种安静，叫做老班来了。
490,"从外面买了一份刀削面,用塑料袋拎回来。推门而入,哥顺手把它扔到床上去了。今晚没地方睡了。"
491,青春期是孩子们因为知道所有答案而停止提问的年龄。
492,如果你喜欢汉森，请按喇叭三次然后碰到一棵树。
493,听说眉毛剃了会变的更粗，头发剃了会变得黑硬，我有一个大胆的想法
494,我一次断了一条腿......全都洒了咖啡。
495,曾几何时，有一只不合格的麻雀决定不向南飞去过冬。
496,哥哥躺在海滩上享受日光浴，弟弟在一旁玩得满身满脸都是泥沙。 哥哥嘲笑地说：“这就叫‘君子坦荡荡，小人脏兮兮’。”
497,他的人会随便跟随他，但只是出于好奇。
498,信仰体系越荒谬，其成功的概率就越高。
499,封闭的心灵就像一本封闭的书;只是一块木头。
500,为什么他们以10件装和10件包装出售热狗呢？
501,如果你撒谎，不要相信它只欺骗另一个人。
502,每个论点都有两个方面，除非一个人亲自参与，在这种情况下只有一个。
503,她问我：“妈妈，什么是继母啊？” 我说就是后妈。 看了一会女儿眼含热泪的对我说：“妈妈，这后妈怎么比你还坏啊。”
504,人家喝的水是纯净的，我喝的水是自来的。
505,生命是溜溜球，人类不断在绳子里打结。
506,当用锤头锤击中头部时，猫几乎总是眨眼。
507,无所畏惧的人是有福的，因为他永远不会失望。
508,任何足够先进的错误都与功能无法区分。
509,这就是我为了好玩而做的事。你能想象我的工作吗？
510,妻子：喂，听说男人们秃顶，是因为用脑过度，是这样吗？ 丈夫：是呀！女人不长胡子，正是因为整天喋喋不休，下鄂运动过度的缘故。
511,小明的爸爸对小明说：今天你要是乖乖的，爸爸就带你去集市上，看别人吃糖。
512,如果某些东西是保密的，它将被留在复印机中。
513,老公喝多了，回来奔厕所就吐。 我心疼地问：“怎么了？” 老公不脸不正经地说：“可能是怀孕了。”
514,“要死就死在老婆手里！”公螳螂说道。
515,我毕业时带着4.0 ...血液酒精含量。
516,你不需要用装饰的词语来表达你的意思。说得清楚，为呼吸节省一些气息。
517,你早早出现在面包店，以利用热轧卷。
518,我要说你是个二愣子，我都是表扬你。
519,我去看了一位精神病医生：他说告诉我一切。我做了，现在他正在做我的行为！
520,某校园论坛上有人问“学校用蟑螂香灭蟑螂后，怎么蟑螂出没得更频繁了呢，以前都没怎么看见的。” 某学生跟帖回答：“你家人不见了 你不着急吗？”
521,事实就像冰水一样，当它击中你时会震惊你，但没有人会因此而死。
522,他用一幅画打消了我的疑虑：美丽的大漠长烟，夕阳山外山，他牵着我的手共赴旅途。
523,生孩子就像是被鸡啄死了......
524,继续环顾四周; 总有一些你错过的东西。
525,女：“只要有钱，我嫁给谁都行。” 男：“银行的保险柜你嫁吗？”
526,大学宿舍的墙壁上贴着这样一条通告：1、不要在宿舍楼下烧烤！2、不要往宿舍楼下泼水！注：如泼水，先看楼下有无烧烤！
527,朋友签名：“我不说，你不懂。这就是我们之间的距离。”多诗意的一句话啊！ 底下有人评论：“这正在上演一个哑巴和一个白痴的爱情故事。”
528,化学老师因为大家成绩不好大怒：“看看你们考的这分，真是让人上火！” 后面阴暗的角落接道：“怕上火喝王老吉。”
529,上帝给了我们时间，以便一切都不会同时发生。
530,一个死刑犯问刑警：现在几点了？ 刑警喝斥道：死到临头了，还问时间干什么！ 犯人说：这可是我的终生大事，记住这个时间对我来说非常重要。
531,我已经了解到，无论一开始关系多么火热和热情，激情都会消退，最好有很多钱取代它。
532,我听到脑海里的声音说不出我的语言。
533,在比赛结束时，国王和棋子进入同一个包里。
534,男：“我今天很不顺利，看见漂亮女生微笑，会让我心情好一点，你可以为我笑一下吗？” 女：“你想让我今天也不顺利吗？”
535,女儿：daddy，如果地上有一张五块和一张十块，你会拿哪一张呢？ 爸爸：宝宝，当然拿十块的啦！ 女儿：爸爸，你好笨啊，你不会两张都拿吗？
536,病人从手术室逃出来找院长：“护士说不要害怕，镇定点，手术很简单。” 院长：“这话不对吗？” 病人：“可她是对医生讲的！”
537,怎么了？你现在经历了什么无意义的自我创伤心理创伤？
538,计算时，无论发生什么，表现得像是意味着它发生。
539,姑：嫂子，你看我找对象是找没有婆婆的好呢，还是找没有嫂子的好？ 嫂：最好是找没有小姑子的！
540,然后果然有一个客人让老板开门，我爸妈都不去，然后我默默的去拿了钥匙。 让你们骂！不说了，我得敢紧溜了。
541,甚至啄木鸟的成功归功于他使用他的头部。
542,丈夫：我说，这毛线结实不？ 当售货员的妻子：你没长眼睛，不会自己看！ 丈夫：你这是怎么啦？ 妻子：哎呀，错了！我还以为我在上班呢！
543,有四种凶杀案：重罪，可憎，有道理，值得称赞。
544,在做饭时弄脏12个罐子需要多少人？
545,在38岁的时候，我终于找到了那位女士，她说了我一辈子都想听到的那六个字：“我父亲拥有一家酒类商店。”
546,今天晚饭的时候，饭厅隔壁的阳台上洗衣机在甩干ing。我问女儿：“宝贝你听，什么东西响？” 女儿一脸不以为然：“洗衣服的微波炉。” ……
547,狼来了！小孩说了三遍就没人信了。老师来了！说了无数遍还是次次当真，终于找到一种比狼还可怕的动物。
548,这是你和我对抗世界......我们何时进攻？
549,上联：也许似乎大概是；下联：然而未必不见得。
550,医生给了我智商测试。我感到宽慰，结果是消极的。
551,女领导与老公晚饭后散步，路遇一个老相好，两人热烈拥抱。 老公有些不满，问是何人，妻子答：以前我下面的一个工作积极分子。
552,安东尼的力量法则：不要强迫它 - 得到更大的锤子。
553,客户：“这个图下班之前必须发给我！” 设计师：“好的！” 第二天清早，客户：“图怎么还没发过来？” 设计师：“我还没下班呢！”
554,宠物店里，老板对一个想买鹦鹉的顾客说：很抱歉，鹦鹉卖完了，你不如买只啄木鸟吧！ 怎么，它也会说话？ 不，它更实用，会打电报。
555,早上醒来我都会抛硬币，假如正面朝上，我就继承睡觉。 假如背面朝上，我就躺在床上看电视。 假如硬币落地后是立起来的，我就起来收拾屋子。
556,早上的人们：“早睡早起让人健康，富裕，聪明。”夜人：“任何一个人在起床的同一天上床睡觉都是一种戒烟。”
557,当生活给你柠檬，做柠檬水！然后在某人眼中挤压它。
558,我拒绝回答这个问题，理由是我不知道答案。
559,特雷曼定理：不可能的事情通常不会发生。
560,一位小孩问他的爸爸：爸爸，有一种动物长的跟大象一模一样，但不是大象，你说那是什么？ 爸爸想了想，说：不知道。 孩子诡笑着说：是小象呀！
561,女对男说：“带我走吧。” 男答：“大象怎么办？”（大象是徐静蕾的儿子）。 结果您猜怎么着？邻座一个观众很严肃的说：装冰箱呀！
562,我很高兴能够及时回答。我说我不知道​​。
563,还有不足一个月就是清明假期了，一外地的表弟给我写来一封信，开头是这样说的：“清明节快到了，我们见面的日子不远了。”
564,人生最重要的不是所在的位置，而是所朝的方向。同样是个B，你一路向北能变成NB，撞破南墙不回头，就只能当个SB。
565,时间对了，地点对了，感情对了，却发现人物不对!
566,只有在阳光普照的时候，一个虚假的朋友和一个影子才会留在身边。
567,霍尔马克卡：“我知道有一天你会离开我去找我最好的朋友。所以这是他的皮带，水碗和咀嚼玩具。”
568,你可以带领一个男孩上大学，但你不能让他思考。
569,然后掏出他的啄木鸟，在水槽里生气。
570,某医科大学中心广场上竖一人物雕像，高举右手五指分开向大家挥手。 老生曰：此乃告诉各位新生——同学们，五年啊！
571,在我上学的第一天，我的父母把我送到了错误的托儿所。我在那里......被树木和灌木丛包围着。
572,太阳对夏令时感到困惑。它上升了两次。一切都有两个阴影。
573,今天七岁的表妹把舅妈的玉镯子摔碎了 然后他就跑卧室里把存钱罐打开数钱…… 半小时后， 她冲出来：“妈妈把我卖了吧！”
574,你的麻烦在于你缺席会成为一个好公司。
575,你伤害了Word，还Excel而过， 你Access的贪婪，我Outlook懦弱。 One泪Note过，回忆是多Binder， 只怪自己Mail你PowerPoint。
576,鹅鹅鹅，曲项向天歌。白毛浮污水，红掌拨黑波。
577,什么山？哪里？什么时候？我不记得任何一座山。
578,某人第一次见到大海，感叹道：“大海啊！母亲！”话音刚落，一个浪头打过来，正好打在他的脸上，此人怒道：“我靠！还他****是个后妈！
579,数学文盲影响每5人中有8人。
580,我家里没电 - 没有灯，我看不到我在做什么。好东西我的相机有一个闪光灯。为了制作三明治，我不得不拍摄我厨房的60张照片。我的邻居打电话给警察 - 他们以为我家里有闪电。
581,赵元任与友人信中云：要是你收不到这封信，请你赶快通知我，我好告诉你是什么时候付邮的。
582,当一个漂亮的女孩进入房间时，心理学家是一个看着其他人的人。
583,对于文明而言，最好不要让自己陷入困境。
584,总结会上，老板说：今年公司利润成倍增长，我将给各位开一张千元支票作为奖励。 大家热烈鼓掌。 老板接着说：如果明年继续这样，我就在那些支票上签字！
585,最薄弱的环节：在体育运动中，着名赛马的名字是“谋杀”这个词向后拼写？
586,四年前 。不，那是昨天。今天我 。不，那不是我。有时候我 。不，我没有。
587,然后问爸爸：“社会上提倡的多劳多得的劳，是哪个劳呀？” 爸爸沉思了一会说：“根据我的生活体会，是带提手旁的那个捞。”
588,猫是透明的。猫应该坐在电视屏幕前。
589,我的鞋呢？下课的时候心不在焉的教授喃喃地问道。 在你的脚上呢。有一个学生说。 呵，可不是吗，幸亏你看见了，要不我会光着脚回家的。
590,什么是麻风病人的最终厄运？癫痫发作。
591,老程序员永远不会死; 他们只是放弃了他们的资源。
592,同学：“你数学考了６６分，你打算怎么向你当武术教练的爸爸交代呢？” 小毛：“我趁他练倒立的时候，再把卷子给他看。”
593,如果你相信命，那么一切的偶然都是注定；如果你不相信命，那么一切的注定都是偶然。
594,“请给我一个烧饼。” “孩子，现在一个烧饼要一块了。” “什么时候涨价的？” “今天早上。” “那就给我一个昨天晚上的吧！”
595,只有疯狂才有足够的力量才能繁荣; 只有繁荣的人才能判断什么是真正的理智。
596,小孩甲：你知道什么糖最贵？ 小孩乙：巧克力。 小孩甲：不对，喜糖最贵。我妈妈花了二十块钱才买了两袋，总共十六颗。
597,凡是和“票”有关的都令我心碎：彩票、股票、钞票、女票。
598,我爱我的国家。这是我害怕的政府。
599,当父母感到寒冷时，通常会给孩子穿上毛衣。
600,你将嫁给一个印第安部落，成为一个大的霍皮人家庭。
601,我诅咒你一辈子买方便面没有调料！
602,坏：你的妻子想要离婚。更糟糕的是：她是一名律师。
603,某天，两个同学在教学楼走廊挨着栏杆嬉戏打闹，被老师看见，语重心长的说到：“我有一个大学同学，高中的时候就是这样摔死的。”
604,电视台智力竞赛抢答，参赛者争先恐后，老在主持人宣布开始前摁抢答器。主持人急了：我说‘开’时你别抢，等我的‘始’出来你再抢！
605,巧克力覆盖的葡萄干，樱桃，橙片和草莓都算作水果，所以要尽量多吃。
606,如果超人如此聪明，为什么他的内衣在外面呢？
607,俄罗斯共产主义：你有两头母牛。你必须照顾他们，但政府需要所有的牛奶。
608,4年没见到老婆了，她去年给我生了个大胖小子，真想回家看看啊
609,莉莉：老板，我有两个双胞胎。我不想说出任何一个名字。
610,谈话很便宜 - 直到你聘请律师。
611,我度过了这么糟糕的一周，我甚至忘记了如何骑自行车。
612,妈妈：那么......既然你已经开始约会了，与年轻人亲密接触是什么感觉？
613,永远不要打孩子的脸 - 还有很多其他的地方。
614,亲，这款红色毛衣多好看啊就算不小心被人捅了一刀也看不出来的。
615,一个小学5年级的女孩因为胸部发育被同班女生嘲笑，回家向母亲哭诉。 她妈安慰她：“不要紧，她们顶多笑你两年，你以后至少可以嘲笑她们二十年！”
616,商场里儿子指着海贼王的海报问爸爸：“爸爸，这个是什么？” 爸爸回答：“这个人是海贼，他叫王路飞。”
617,汤姆到女友玛丽家里找她，玛丽的小弟弟生气地走出来。 讨厌的家伙，你为什么总来找我姐姐，你自己没有吗？！
618,你可以用你的嘴唇传讲更好的布道。
619,根据律师的建议，我的保险杠目前没有任何消息。
620,为什么他们在自动柜员机的键盘上放置盲文点？
621,一个40多岁的男人经常在找到成熟水平的女性时遇到问题。
622,夫妻吵架了。当丈夫下班回到家里，他发现妻子不在家。 只在桌上留了一个条子，上面写道： “午饭在《烹调大全》第215页；晚饭在317页。”
623,婚前，为了显示英勇，我经常带妻子去电影院看恐怖片； 婚后，为了保护自己，我经常独自去电影院看功夫片。
624,信仰 - 双腿在膝盖处相遇，不能站起来。
625,"一女同学黑了些,她男友又太白了些,有天宿舍里得毒舌天后突然对她冒出一句：“你们这样不行,你们会生出斑马来的”"
626,当我走到商店（少走路而不是木材）。
627,书店来了一位顾客，“我想买本书，里面没有凶杀，没有爱情，没有侦探，没有百万富翁，也没有妙龄女郎。你能不能为我推荐这样一本书呢？” “可以，火车时刻表。”
628,感谢幽默项目有这么好的问题和分享的能力！
629,您知道吗？我丈夫在乒乓球决赛中受了伤。 可从来没有谁看见过他打过球啊？ 是的。他是在看比赛中喊坏了声带。
630,“小张，你的气色不好，出了什么事？” “我昨晚快天亮才回家，正在脱衣睡觉时，太太醒来了，问我为什么起得如此早。我只好又穿上衣服来上班。”
631,因为小时候不知道自己恐高，刚上树没觉出来，当下手砍树时，眼前发亮，把人家弟弟的手给砍了，当时吓得跳树撒腿就跑。
632,甲：最近我家老召贼。 乙：养条狗呗。 甲：不用了，我老爸准备退休了。
633,有一NB同学，其唯一的姐姐失恋了。于是给他姐夫发短信：“姐夫啊！我姐姐失恋了，你去安慰她……”
634,骄傲是我们所拥有的。可惜是其他人有什么。
635,为了完成某项工作，委员会应该由不超过三名男子组成，其中两人缺席。
636,一哥们在公交车上，头靠着旁边一美女的肩膀睡着了。 一会儿，美女小心翼翼地推醒了他，弱弱地说：“不好意思，你的粉刺扎到我了。”
637,伯伯，我要买一本《儿童时代》。 买它要搭一本别的书。 搭配的是什么书呀？ 一本《老年天地》。
638,病人：“我真不好意思告诉您：我夫人认为您收我手术费太高了。” 外科医生：“不过，我亲爱的，我相信，您对自己生命的估价不会像您夫人那样低。”
639,病孩：妈妈，发药的阿姨为什么戴口罩？ 妈妈：给你的药很好吃，院长怕她们偷吃了。 病孩：给那些拿刀的叔叔戴口罩是怕他们聚餐吧？
640,一朋友她老公是律师，专打离婚官司。 问：“老公你以后别打离婚的官司了，把人家家庭都拆散了，有点缺德。” 老公：“拆一对成全两对，积德行善。
641,一个女人对女邻居说：你又要去听音乐会吗？要知道，今天演奏的仍是昨天的节目呀！ 不错，我知道，但是，今天我要穿的不是昨天那一件连衣裙。
642,精神科医生说，4人中有1人患有精神疾病。检查3个朋友。如果他们没事，那就是你。
643,"一个和尚挑水喝,两个和尚抬水喝,三个和尚没水喝,四个和尚斗地主,五个和尚可以去扮福娃了。"
644,今天中午打饭地时候，看见一哥们拿着半个西瓜皮去打饭。 食堂大妈还真给他打了！
645,如果调试是删除错误的艺术，那么编程必须是将它们放入的艺术。
646,每天过得像是你的最后一次，最终你会是对的。
647,我很忙。你好丑。祝你今天愉快。
648,你不能赢。你不能收支平衡。你甚至不能退出游戏。
649,活鱼会逆流而上，死鱼则随波逐流。
650,盲人妻子和聋哑丈夫之间的婚姻很好。
651,一同学考试想作弊，收到短信发来的答案后，寻机查看， 但发现监考老师老是盯着他，直至考试结束。 试后，老师留下该同学，说：你真像我一个大学同学。
652,当您需要更换瘪胎时，您会发现备胎也是平坦的。
653,最大的乐趣是在没有他们知道的情况下为某人做点什么。
654,售票员：你的孩子都穿这么长的裤子了，不能再买半票了。 年轻母亲：哦，买票要看裤子长短吗？那么，我今天可以免费了？
655,这是我见过的最有趣的事情！
656,当你的智商达到80时，卖出去。
657,练习随意的仁慈行为，毫无意义的美丽行为。
658,一女子去算命，相面先生说：“小姐，你最近将有倒霉的事情发生，因为你身上有凶兆。” 女子一听说道：“那好，我把胸罩脱下来是不是就好啦。”
659,父亲对即将成为其女婿的年轻人说：“如果我给女儿很多嫁妆，那你打算拿什么和我做交换呢？” 年轻人想了一会，才吐出了两个字：“收据。”
660,在车上，看见一个小偷准备摸我包。 我笑眯眯地说：“兄弟，你来晚了，有一个人比你下手还快。” 小偷惊了，我接着说：“那是我老婆！”
661,过去：一流学生出国，二流学生考研，三流学生就业。现在：一流学生就业，二流学生出国，三流学生考研。
662,请你相信我！ 怎么相信呢？ 亲爱的，我那纯洁的爱情只献给你一个人。 那么不纯洁的给谁呢？
663,结婚证书只有在离婚时才有用，我们烧掉它吧，今后用不着它的。一根火柴将结婚证书烧掉了。 后来，他们在宾馆被扫黄的带走了。
664,我的妻子不确定并说，再说一遍，所以我重复了这些姿势。
665,某日上数学课，A君感叹道：“真是度分如年啊，还有多久下课？” 旁边的班长看了看表，幽幽地说：“还有一年。” A君……
666,最好让别人认为你是白痴，而不是张开嘴来证明这一点。
667,为什么在课堂聚会上你比其他人看起来更年轻？
668,这是一场完美的婚姻。她不想，也不能。
669,在华南理工大学，一女同学在食堂吃饭时，一机电系男生凑到旁边，“同学，我能和你说话不，我已经一个月没和女生说话了。”
670,1967年，犹太人如何在短短6天内击败埃及？
671,大学生：我常常梦见自己当了教授。有什么办法让梦想实现呢？ 教授：少睡点觉。
672,你在租用你脑袋里的空间吗？它可能是有利可图的。
673,丈夫：你知道，老婆，我们的儿子从我这里得到了他的大脑。
674,计算机将我的工作减半，老板希望我把它全部重新组合在一起！
675,老师：乔尼，学生守则一共几条？ 乔尼：十条。 老师：如果你破坏了其中的一条…… 乔尼：那还有九条！
676,如果你把双脚牢牢地放在地上，你将无法穿上裤子。
677,顾客：我点的是溜肉片，里面怎么这么多的青椒、胡萝卜、洋葱啊？ 老板：今天我们店庆大酬宾，买一赠三啊。
678,宗教战争就像孩子们争吵谁拥有最强大的想象力的朋友。
679,组织产生的工作越少，重组的频率就越高。
680,共产主义就像禁止 - 这是一个好主意，但它不起作用。
681,小王站起来说：“听了局长的指示，腰不酸了，背不疼了，腿也不抽筋了，走路也有劲了。这指示，还真管用！”
682,通常是疯了，在清醒的时刻，我只是愚蠢。
683,被偷有二方面原因，要么是你看起来有钱，要么是你看起来很马虎。
684,无论你有多少资源，它都是永远不够的。
685,我嘴笨，吵架吵不过老婆，所以每次吵架完败后，我都会偷偷把老婆的电子体重称调高1公斤。
686,如果事情似乎变得更好，你就忽视了一些事情。
687,当你和我一样伟大时，很难谦虚。
688,在办公室吃完一桶方便面，剩下汤装进小塑料袋，扎好袋口就往窗外扔。 抡园了膀子鼓足了劲，叭！全砸窗框上了，再看我的脸……自作自受！
689,你会让一个虫子逃脱，因为它没有咬你吗？
690,老鼠的不满：马场、牛圈、猪圈、狗窝、蜂窝、蚂蚁窝、鸟巢听着多好听，为什么把我们的家叫“老鼠洞”？
691,我们不会绊倒山脉; 我们大多发现了小事。
692,顾客：“你们卖的酒怎么没有酒味啊？” 服务员接过一闻：“啊，真对不起，忘记给您掺酒了。”
693,经验使您能够在再次犯错时识别错误。
694,转世：让我们继续努力，直到我们做对了。
695,我不是说她很胖，但当我把她的裤子拉到她的膝盖时，她的屁股还在他们身上
696,男人就像自行车头盔，他们在紧急情况下很好，但通常只是看起来很傻。
697,妻子从旅游地给丈夫拍了一份电报：4个星期体重减轻一半，我可以再呆多久？ 丈夫回电：再呆4个星期！
698,为了在股票市场上赚一大笔钱，从一大笔钱开始。
699,如果你的年龄只有你感觉到的那么，我怎么能活到150岁？
700,给予的行为比接收者的优点更重要。
701,老师，在我背书时，您怎么还拿着书？ 我那是要检查你有没有遗漏的地方。 哦，老师，难道您也没背熟吗？ 嗯……
702,我终于知道为什么homework是不可数名词了！ 因为那玩意儿就压根写——不——完！！！
703,成不了楷模 当个凯子也是可以的。
704,尿到一半手机就顺着裤腿往下滑，无奈只能把那条腿抬起来， 这时领导就进来了：“呦 ！划地盘儿呢。”
705,我去了一个闹鬼的房子，看着厨房的桌子下面，发现了灵口香糖。
706,圣诞节：游戏玩太久，都忘记时间了，肚子有点饿，打开冰箱一看，只剩下蛋了！
707,你这么成熟懂事，想必一定没人疼你。
708,电视新闻正在报道抗洪抢险。 “天哪，又涨了！”妻子惊叫道。 卫生间传来一个激动的声音：“涨了几个点？”
709,全部以大写形式发送紧急电子邮件。邮件服务器将其选中并将其标记为急送。
710,子：妈！影片中，常有男女二人，口对口的，这算什么？ 母：大概那男的快断气了，所以穷凶极恶地要女的接气；或者女的要断气了，男的替她接气。
711,一个人画了许多拙劣的画，临死前想把这些画送给一个团体，以图留名于后世。于是他向律师请教：我的画送给哪个团体最合适？ 律师答道：我想，最好送到盲人院！
712,女士：我的小狗病了，你能给我推荐一个好兽医吗？ 男士：对不起，女士，我们这儿所有的医生都是人，没有会看病的动物。
713,本人实习护士。今天上班期间。 值班医生坐电梯上来，老师说了一句：“哎呀，小欧， 你怎么好意思自己坐电梯上来，多浪费电啊。”
714,没有什么比花花公子中心折叠的笑容更浪费了。
715,新婚不久的儿子与爸爸的对话。 儿子：怎样才能保持婚姻的长久？ 爸爸：忍！ 儿子：如果忍无可忍怎么办？ 爸爸：再忍！
716,我要问的是，你对待我的方式与女王无异。
717,妻子：“亲爱的，当年你娶我时答应给我月亮的。” 丈夫：“真对不起。百货公司经理说早就卖光了。”
718,除非有充分理由改变方向，否则猫会直线移动。
719,几个小偷想偷取ATM，结果被警察捉住了。 警察说：“这你也敢偷，胆子不小。” 小偷们可怜地说：“哪里哪里，偷几个奥特曼而已。”
720,给我一个女人，我能创造一个兽族。
721,当你错误地种植过多的种子时，每粒种子都会长大。
722,他的父亲说：“儿子，你要去哪儿？” 儿子回答说：“我要抓住一些鸡”。
723,客：“你说换新老板了，怎么还是你开着这馆子。” 主人：“我娶了老婆了，她是我的新老板。”
724,一分钟有多长，这是要看你蹲在厕所里面还是蹲在厕所外面。
725,qq的在线率越高，证明这个人越寂寞。
726,经理：你不能在上班时间用公司的电话聊天。 职员：那我在家休息的时候凡是你打来的电话一概不接。
727,爸爸告诉我：“女人喜欢很有钱的男人”； 妈妈告诉我：“女人喜欢有貌的男人。” 我翻翻钱包，又照照镜子，然后我哭了....
728,你知道什么会成为一个好故事？关于一个让人快乐的小丑的事情，但在他内心真的很难过。此外，他有严重的腹泻。
729,父亲在游戏厅门前看到儿子，生气地说：“你一点儿也不知道学习，光会打游戏，我十回有九回都在这儿看见你!” 儿子说：“我还比您少一次哪!”
730,许多人只是因为看到你保留你的脾气而发脾气。
731,它不仅仅是赢得比赛 - 它还在喝啤酒。
732,做爱是伟大的，但有时候你不想只是想得到爱？
733,文学课上，讲到四大名著，老师发问：潘金莲西门庆等人是四大名著中哪本名著？ 一哥们起身高声答到：金瓶梅…
734,每个政客都有价格，有些人讨价还价。
735,如果您在放入餐具之前必须洗碗，为什么称它为洗碗机？
736,昨天坐公交车，听一年轻人抱怨：“天天下雨，真烦人。” 旁边一老太太接道：“都怪神九把天给捅破了。 ”
737,生活就像一首美妙的旋律，只有歌词搞砸了。
738,很少有女性承认自己的年龄。更少的人采取行动。
739,获胜不是一切，但失败并不是什么。
740,老公：如果我是一匹布，或者是一匹绢，我估计老婆会在我身上绣上‘长期饭票’四个光芒万丈的大字。
741,你知道如果它需要全部动力才能滑行到坡道上，你已经着陆了。
742,一个船员领导者永远不够，但两个人太多了。
743,当他回到家时，他发现其他车已经占用了这个空间。他很不高兴。
744,永远不要承诺！让别人承诺给你。
745,如果一只鸟在挡风玻璃上晃动，你会怎么做？
746,人贵在言而有信——我说不还钱就不还钱!
747,拥有一切的人在世界的哪个角落？
748,女人：两个。你去找你的，我会去找我的。
749,你在墙上看什么？笑话掌握在你手中。
750,我告诉我的精神科医生，每个人都讨厌我。他说我很荒谬 - 每个人都还没见过我。
751,让你的丈夫记住你的周年纪念日的唯一方法是什么？
752,对话：一种声乐比赛，其中呼吸的人被称为听众。
753,提问:市场上有增肥药吗？吃什么东西能胖一点？越简单越快越好！ 回答:市场上没有，树林里有，去捅马蜂窝。
754,朋友说：“你不了解，我其实是因为另一个女人而离婚的。” “那个女人长得很漂亮吧。” “不，又老又丑。是我丈母娘。”
755,当你的朋友在你的新鳄鱼皮鞋上赞美你并且你赤脚时，你已经老了。
756,老师带小学生们到动物园游玩，乘机告诉小学生们要爱护动物，并问他们以前是否做过爱护动物的事。 一个小学生很快地回答：“我曾经踢过一个小孩，因为他踢了他的狗。”
757,当我心情不好时，额头会留下红色斑点。
758,如果看起来好得令人难以置信，那真是太好了。
759,自由* OF *宗教包括自由*来自*宗教。
760,酒醉后，甲：我跟老婆求婚时，跪了一个小时，你跪了吗？ 乙说：我老婆说我就免跪了，将来有的是机会。
761,iPhone6还真难抢，我今天拿着刀在街上逛了半天都没碰到一个人用。
762,女人有秘密，总想着和她的男人分享；男人有秘密，女人会逼着男人和她分享。
763,在实习的时候，对一个老师说：陈老师你是不是姓陈？
764,啤酒不会让你发胖。它让你倾斜（对着门，桌子，墙壁）。
765,妻：来看看我有没有断掌？ 夫：不用看了，铁定有的。 妻：为什么？ 夫：不然我的一生怎么会断送在你的手里
766,营业员：好消息！新到的畅销书，买一本送一本。 顾客：为什么？ 营业员：一本是原书，一本是勘误。
767,我有朋友发誓他们有色彩梦想。我说这只是他们想象中的一种色彩。
768,“姑娘，作为心理医生我必须告诉你， 丑并不是你自卑甚至自闭的原因， 我希望你能勇敢地抬起头，自信的女孩最美！” “那能转过身么医生！？”
769,在一开始，宇宙就被创造出来了。这让很多人非常生气，被广泛认为是一个不好的举动。
770,今天去相亲，问那个女孩：“你多大啊？” 她相当自豪地回答：“34D。”
771,女：“照片上那个女人是谁？” 男：“是在没有同你认识之前的那个女人。” 女：“好啊，这么说，你那时就对我变心了。”
772,自然男人睡觉时醒来时看起来很好看。女人在某种程度上会在夜间恶化。
773,没有女人会像你结婚的女人一样对待你。
774,有些人声称他们听到了上帝的声音。这是真的？
775,男：我们已经把彼此过去的生活都了解的很清楚了，接下来该做些什么呢？ 女：接下来，我们应该就自身生理上是否存在历史问题进行探讨并举证。
776,给老子摆正位置不要乱放屁，不要太把自己当回事儿。
777,任何一个消息在经过官方否认之前都不能相信。
778,艰苦的工作经常在一段时间后付出代价，但是懒惰现在总是需要付出代价。
779,我们食堂的肉包很好吃，包子里有许多味道，大爷的烟头味，老奶奶的香皂味，大叔的汗水味，还有年轻妈妈的乳汁味，姐姐们的香水味。
780,遗憾的是她不会永远活着，但是又一次，谁做到了。
781,为什么闭着眼睛的人总是睁着嘴？
782,如果你工作不够，那你就是一个无所畏惧的屁股。
783,新年已过去十几天了，一位男青年忘了给他的女友拜年，便写了一封情书。他在信的末尾处写道：祝你度过一个愉快的晚年！
784,你改变关于自己的一切都无法治愈，这没什么不对。
785,温妮会花费他所有的时间练习冷静。他非常好。他可以去地毯下。
786,姑姑在卧室里喷上灭蚊药，带侄女出去散步。 路上，侄女不解的问：姑姑，你为什么不买二斤肉挂在家里，让蚊子吃饱，它不就不咬咱们了吗？
787,书店主：“这一本，价钱又便宜，看了，有趣得一定可以笑死。” 妇人：“买一册，我拿去给我婆婆。”
788,如果可怕意味着可怕，那么可怕的意味着可怕吗？
789,峰会会议往往像熊猫交配。期望总是很高，结果通常令人失望。
790,昨天我看到一只鸡过马路。我问它为什么。它告诉我这不关我的事。
791,立秋后的天气如此凉爽，为何我的脑子里只想着：便宜了军训的这帮兔崽子了。
792,寒假作业是什么概念：我们写一个月，老师写一个阅。
793,只有缺乏想象力才能使我无法用想象中的恐惧来固定自己。
794,做久了储蓄，突然出来做大堂经理，在网上银行替客户购买基金时，指着小键盘，想让客户输入密码，却冒出一句：请在这里签名。
795,如果上帝希望我们为我们的裸体感到羞耻，他会给我们更大的手。
796,为什么在飞机座位下有浮选装置而不是降落伞？
797,始终在壁炉架上保留好几张卡。如果意外的客人到达，他们会认为你生病了，无法清理。
798,爱并没有真正让世界变得圆润，但它让这次旅行变得有价值。
799,亲爱的！丈夫在梦中嘟噜着，把电视机关掉吧，把被褥铺好，再递给我一杯热茶。 不行啊，我的胖小子！躺在丈夫身旁的妻子回答：我们是在电影院里。
800,‍　　那天我一边吃冰淇淋一边骑自‍行车骑着骑着，突然感觉冰淇淋融化了滴了一滴在手上，哥毫不犹豫的舔了一下。 尼玛是鸟屎。
801,食堂的东西很难吃，不过吃过我老婆做的东西之后，我决定继续吃食堂!
802,但当你把他带进车里时，他把头伸出窗外。
803,不要因为侮辱你而感谢我。这是我的荣幸...
804,老王孤独地住在一幢房子里，他说：“我的房子风进、雨进、光进、老鼠进，整天热闹得很。但是儿子不进、亲戚不进、钱财不进、水电不进，活的生不如死。”
805,如果多样性是生活的调味品，婚姻就是剩下的垃圾邮件的大牌。
806,棒球运动员：在夏天的比赛中需要数周的春季训练的人。
807,技巧 - 在尼亚加拉大瀑布上成功走钢丝。
808,宿舍某人喝别人的开水，烫得跳起来了，嘴里还叫：他娘的，这么烫，猪都受不了啊。
809,脑袋空不要紧、关键是不要进水。
810,小外甥最近迷上了看电视，一天突然问我：“舅舅，你打过110吗？” 我：“没，怎么啦！” 小外甥：“电视上老有人打110，他不疼吗？”
811,男......只要我们最终躺在床上，就把它称之为你想要的任何东西。
812,林子大了什么鸟都有，世界大了什么人都有。
813,我有天赋的天赋。我是从爸爸那里得到的。
814,救命！我被关押在幸运饼干工厂！
815,一视钱如命的老兄突然换了一部新手机，众人大惑不解问之。 答曰：“别人离婚换老婆，我老婆换不起，手机还换不起吗？” 众人愕然大笑。
816,我要努力攒钱，争取买一个自动取款机。
817,一天懒蛤蟆发财了，跑到一家酒店喊道：给我上炖天鹅肉、烧天鹅肉、烤天鹅肉、清蒸天鹅肉、铁板天鹅肉…另外再给我找只漂亮的小天鹅陪老子喝酒。
818,爸爸：因为牛肉涨价了，而熊肉没涨。
819,世事往往如此，想回头也已经来不及，即使你肯沦为劣马，不一定有回头草在等着你。
820,结论 - 你厌倦思考的地方。
821,给定房间内的所有行李和箱子必须尽可能早地包含一只猫。
822,当一只狗走近他时，一个瞎子站在外面。
823,永远记得仔细校对，看看你有没有说出来。
824,为防止顶端优势，王大夫一刀砍下植物人患者的头。
825,老师：人类是从猿进化来的，这是绝对正确的。 学生：我也这么认为，要不为什么猴子会剩得这么少了。
826,朱元璋是我大爷，不信你把他叫出来问问！
827,为什么爱尔兰人把空牛奶盒放在冰箱里？
828,让傻瓜亲吻你是愚蠢的。让一个亲吻欺骗你更糟糕。
829,女友奶奶过生日，本来想说万事如意的，结果一下子脑抽， 说到万后字愣是想不出后来的话，憋出一句，万岁万岁万万岁……
830,这不是一种舞蹈，而是一种带有歌词的生育仪式。
831,小明的爸爸对小明说：你看我这么多的肌肉。 小明说：那你怎么只长鸡肉不长猪肉呢？ 弄得爸爸哭笑不得。
832,大多数专家认为，最可能被毁灭的方式是偶然的。这就是我们进来的地方; 我们是计算机专业人士。我们引发事故。
833,妻子：今年春节不知会流行什么时装? 丈夫：只有两类，一种是你不合意的，一种是你合意而我不会买的。
834,"放假和一群高中小孩打扑克，一高一小孩输了, 按我们事先规定，他回家后很认真地问他妈妈：妈，我是不是猪生的呀？ 他妈拿擀面杖追了他一天……"
835,教孩子要有礼貌和礼貌，当他长大后，他永远无法将他的汽车挡在高速公路上。
836,做人一定要做一个蹦蹦跳跳的人。
837,这不是我们所代表的......这是我们谈到的重要事项。
838,你其实挺聪明的，小笨蛋。
839,酒店里，顾客喝完酒对服务员说：我想我是喝多了，能给我拿点什么醒酒的东西吗？ 服务员说：好的，您稍等，我这就给您去拿账单！
840,儿子：“我不要你辅导，我要妈妈辅导，昨天你把‘一顿饭’写成‘一吨饭’，同学们都笑话我是‘大饭桶’。”
841,愿你有一个非常愉快和快乐的Y2K体验。
842,天国为那些为天国做好准备的人做好了准备。
843,我的猫让我在房间里搜寻看不见的入侵者。
844,一些奇怪但有趣的拾取线......我不知道他们是否真的有效！
845,为什么在真正的便便仍然免费时购买洗发水。
846,高尔夫曾经是富人的运动，但现在它拥有数百万的穷人！
847,最近压力大，啃旺旺雪饼居然比别人啃烟还厉害。
848,听别人形容梦想，没有什么比这更无聊了。
849,孩子想了一下，坚定地说：站旁边！
850,男：“我是摄影师，一直在寻找像你这样的脸。” 女：“我是整形外科医生，我也一直在寻找像你这样的脸。”
851,他在里面发现了一批自制饼干和他最喜欢的美国电视剧的录像带。
852,现在客厅里有一个更明亮的灯泡。
853,你被飞香槟软木塞比被毒蜘蛛杀死的可能性更大。
854,女同学：“你怎么又被老师留了？有错就改啊！” 男同学：“足球比赛错判，那教练怎么就不改呢？” 女同学：“这个……”
855,人干点好事儿总想让鬼神知道，干点坏事儿总以为鬼神不知道，我们让鬼神太为难了。
856,“这是我专门为你定制的手机”刘恺威说罢笑着拿出一款手机递给杨幂，上面赫然显示着一个硕大的“mi”字。
857,汉斯太太把支票递进银行的窗口时，难为情地说道：对不起，我丈夫的签字有点儿难认。我没想到，他见我拿着手枪，会吓成那个样子……
858,自卑感的问题在于合适的人从来没有过。
859,店主：“这本书便宜，很有趣，看完可以笑死你。” 女人：“那我买一册，拿去给婆婆看。”
860,爸爸患有高血压，看病回来后，妈问他，医生有什么吩咐。爸说：医生劝我要多运动，少吃咸的东西。 妈说：既然如此，以后你还是跑跑步，别老是喜欢到海水浴场去。
861,乔治华盛顿的兄弟劳伦斯是我们国家的叔叔。
862,并非所有男人都很讨厌。有些人死了。
863,有一天清晨，她打电话给那个小伙子：“你好，我就是对面单元里的姑娘，你还记不记得，昨晚我脱下长筒袜子放在哪里了。”
864,不受控制地笑了大约3分钟，然后突然停下来，怀疑地看着每个看着你的人。
865,在世界的某些地方，人们仍然在街上祈祷。在这个国家，他们被称为行人。
866,信息呈现为破裂的消防水带 - 向各个方向喷洒 - 无法阻止它。
867,昨儿烫了个头，今早上班老板见了说：女孩子嘛，再怎么贪睡早上起床也得梳一下头啊～-_-！
868,我们现在回到我们定期举行的火焰投掷。
869,我有一个非常好的记忆，除了它太短了。
870,永远不要拖延会议结束或鸡尾酒时间的开始。
871,嘿圣诞老人！你的顽皮女孩名单多少钱？
872,如果你把每一种情况都视为生死攸关的事情，那就准备好死很多次。
873,我节食了一个月，我失去的都是30天
874,成为一名教师的三个理由：六月，七月和八月。
875,一个领域的专业知识不会延续到其他领域。但专家经常这么认为。
876,“波洛涅斯由于作弊被开除了。” “怎么回事啊？” “在生理卫生考试中，他数自己的肋骨，结果被发现了。”
877,你妈生你的时候是不是把人给扔了把胎盘养大？
878,"不是事情或世界变糟了, 你只是知道的越来越多了。"
879,米歇尔 - 穿着白色高跟鞋，围着她的手提包跳舞。
880,布朗说：我想离婚，我太太3个月不跟我说一句话。 朋友说：你真幸福！这么安静的太大哪儿去找？
881,在紧急情况下，打破玻璃。惊叫。流血至死。
882,儿子：爸爸，我妈跟奶奶吵完架，总爱跟别人说她是无心的，那，我妈妈的心呢？ 父亲：锁在钱包里啦！
883,亲爱的，我是你的第一个女人吗？ 你们女人可真烦，怎么都爱问同样的问题呢？
884,原教旨主义者是有福的，因为他们会抑制地球。
885,您可以访问过去，不要携带任何行李。
886,最好的汽车安全装置是一个后视镜......里面有一个警察。
887,哥，不寂寞。因为有寂寞陪着哥。
888,老人又一动不动地盯着天花板，一言不发。
889,上物理课时，老师问：什么物体最重？ 小刚站起来答：我家外公最重！ 老师奇怪地问：为什么？ 小刚：我爸爸写信时总称你‘泰山’。
890,我拳打南山敬老院，脚踢北海幼儿园，1米以下全部干倒，我往太平房上一跺脚，不愤的给我站起来。
891,别再逼我，再逼，我就在地上划个圈圈咒诅你被丑女强吻！
892,我们没有被包围。我们处于目标丰富的环境中。
893,在混乱之中，一个声音说：微笑并且快乐，因为它总是会变得更糟。我笑了，我很高兴，而且确实变得更糟。
894,幽默是灵魂的健康，是毒药的悲伤。
895,关于人类的一个奇怪的事情是我们工作直到我们生病才能获得一笔财富，然后付出一大笔钱再次康复。
896,当胖女士坐在你的脸上时，一切都结束了。
897,您的智商测试结果又回来了。他们是消极的。
898,毁灭友情的方式有许多，最彻底的一种是借钱。
899,人们问你在南北战争中你在哪一方？
900,水能载舟，亦能煮粥！子在川上曰：“有船多好！”
901,女主人从外面回来，问新来的女佣：“你有没有照我的吩咐，把冰箱清理干净？” “清理过了，太太。”女佣回答，“每样东西都很好吃！”
902,组件故障的可能性与维修或更换的难易程度成反比。
903,在悲观主义者计算他的祝福：10 ... 9 ... 8 ... 7 ......
904,佩内洛普 - 进站后女王，喜欢男人僵硬。
905,为了被爱而爱是人; 为了爱而爱是天使。
906,天塌下来你顶着，我垫着!
907,支持当地警察部队; 你的生活可能有一天会依赖它。
908,一只猫总会坐在你想读的东西上。
909,问:“姑娘，您对您理想中另一半的要求是？” 姑娘答：“但愿人长久。” “可姑娘，此事古难全啊。”
910,拯救加州; 当你离开时带走一个人。
911,早起的鸟可能得到蠕虫，但第二只老鼠得到了奶酪。
912,教授：上完厕所为什么要洗手？ 学生：有细菌、有病毒、要吃东西、不卫生…… 班长：厕所里有其他人，不洗不好意思。
913,儿子：爸爸，什么叫法律? 父亲：法律就是法国的律师。 儿子：那么什么是法盲? 父亲：那当然就是法国的盲人。
914,如果你不能成为一个好榜样，那么你只需要作为一个可怕的警告。
915,如果被切得很细，任何东西都可以食用。
916,男：相信我，我会让你成为世界上第二幸福的人。 女：为什么不是第一呢？ 男：有了你，我就是最幸福的人！
917,能用钱解决的问题都不是问题，可问题是我是穷人。
918,任何能够看透女人的人都会失踪很多。
919,妻子给丈夫打电话说：“咱家的汽车进水了。” 丈夫吃惊地问：“汽车刚检查过，怎么会进水呢？你现在在哪里？” 妻子哭着说：“在河里！”
920,儿子问爸爸：什么是爱江山更爱美人？ 爸爸答：爱江山就是爱祖国爱人民，爱美人就是爱妈妈，爱妻子，爱儿女。
921,一旦我们解决了虫子，我们就会遇到扁虫。
922,热情好客让您的宾客有宾至如归的感觉，即使您有宾至如归的感觉。
923,幽默是让锯末从填充衬衫中脱落的洞。
924,与第一个男友分后，我在阳台上种了金针菇。 与第二个男友分后，我在阳台种了胡萝卜。 与第三个男友分后，我在阳台上种了黄瓜。
925,我是天使，回不去天堂是因为体重的原因。
926,我从未见过电，所以我不付钱。我在账单上写道：“对不起，我整个月都没见过。”
927,我站在公园里，想知道为什么飞盘越来越近，飞盘越来越大了。然后它打了我。
928,因不堪忍受网络暴力，小明停止了对他人的谩骂。
929,爸爸：怎么搞的，大白天还开着灯？ 儿子：这是你早晨上班前忘记关了。 爸爸：你发现了，为什么不关上？ 儿子：你不是经常教育我要用事实说服人吗？
930,我的生活充满了可怕的不幸; 其中大多数从未发生过。
931,最野蛮的争议是关于无论哪种方式都没有好证据的问题。
932,一家人正在吃西瓜。 儿子问：“爸爸，是瓜都能吃吗？” 爸爸：“是的。” 儿子：“爸爸，我想吃傻瓜！”
933,当你的眼睛变成你喉咙里的骨头时，你如何应对？
934,今天晚饭后，和二货老婆聊天中， 老婆突然说：你在炫富吗？ 我不解，二货继续说道： 你牙齿缝里夹了一丝肉！ 我：！！！！！
935,我妻子想减肥，所以她每天都去骑马。 结果怎么样？ 马在一个月之中瘦了四十斤。
936,非洲黑妹去上海旅游，住进一宾馆。半夜失火。那非洲女人飞快向外跑。 一消防员看到惊奇的说：我的娘唉，都烧焦了还跑得这么快!!
937,甲：张老师是最严厉的，你运气真好，不在她班上。 乙：可她是我妈妈。
938,对大多数人来说，解决方案意味着找到答 但对于化学家来说，解决方案仍然是混乱的。
939,你怎么知道什么时候调整你的风笛？
940,要说《阿凡达》中出场的人物里我最喜欢的还得说是巴依老爷。
941,以前真的是美女才是美女；现在只要是女人就是美女。
942,办公室：在您艰苦的家庭生活之后，您可以放松身心的地方。
943,建立信任需要数年时间，而摧毁信任只需几秒钟。
944,我想要的是所有的力量，没有责任。
945,让我们组织这件事，并从中获取乐趣。
946,跑堂的：“你给我的小费是一张假币。” 顾客：“是你找钱时给我的呀！” 跑堂的：“你明明知道我不想要它，干吗还要给我呢？”
947,谁也不知道穿山甲住在哪，直到一天才听它这样说。 穿山甲：穿越玩久了，别人还以为我家在隧道里呢。
948,生活就像一个卷饼 - 如果它真的很好，你就不需要一把刀。
949,莱昂纳多达芬奇发明了剪刀; 另外，他花了10年时间画蒙娜丽莎的嘴唇。
950,男：我昨天没有喝醉？ 女：没有。 男：那今天你肯定是喝醉了。
951,当他们完成制作苯乙烯泡沫时，他们将它包装成什么？
952,现在的情况比以往任何时候都多。
953,"老师教育学生：多少钱也出卖不了自己对亲人的爱，我给100美金，你能打你父母吗?"" 学生立即问：我打我姐姐，你给多少钱？"
954,你不能阻止悲伤的鸟儿飞过你的头，但可以阻止他们在它上面筑巢。
955,全世界都是舞台，但我们大多数人都是舞台手。
956,愿我们在镜子中看到的东西让我们高兴，以及别人在我们身上看到的东西，让他们高兴。
957,小侄子跑过来“姑姑我没中奖”刚想安慰他， 突然发现他手里挥舞的刮刮卡好眼熟！ 竟然，是我的银行卡！ 死崽子给我还刮得干干净净！！！！
958,我被关押在一家巧克力工厂里。不要发送帮助。
959,即使在阴天，放大镜也会引发火灾。
960,某人向朋友倾诉：有两次我下班回家，看见太太和一个男人搂抱，你说我该怎么办？ 我不知道，朋友回答，但你何不试试加班工作？
961,油：炒菜没我寸步难行，地沟油坏了我的名声！
962,对于那些思考的人而言，生活是一部喜剧，对于那些有感觉的人来说，生活是悲剧。
963,老王因开除而脸面无光，被人笑掉大头后成功复职。
964,夜里，女儿心急火燎得给妈打来电话：“妈！他还没回来，一定有别的女人了！” 娘轻声安慰： “傻孩子，别净往坏处想，兴许是出车祸了呢！”
965,甲：“坐在前排那个丑八怪是谁呀？” 乙：“那是我哥哥呀。” 甲：“啊，真对不起，我没注意到你们是那么相像。”
966,-- 我叔叔下面有1000个人。 -- 他真是一个大人物。干什么的？ -- 墓地守墓人。
967,一年级的小朋友出去郊游，老师说不论做什么事情都必须10个人集体活动。 过了一会儿，突然有人喊道：“还有谁要去厕所？快点！我们9个人已经憋不住了！”
968,如果你相信命运，你总会有责任归咎于你。
969,电来自电子; 因此，可以合理地得出结论，道德来自愚蠢。
970,律师笑话和漫画：律师幽默，你有权保持沉默。
971,你更有可能被香槟软木塞杀死而不是被毒蜘蛛杀死。
972,如果你今天“不是自己”，那么尽情享受吧
973,哥的微信签名：哥离婚了，都看好你们媳妇。
974,医生告诉一个男人，他还有六个月的生命，于是他决定搬去和他的岳母住。因为和岳母一起住六个月，就像是几生几世一样。
